﻿<window id="106">
	<defaultcontrol>1000</defaultcontrol>
	<include>dialogOpen</include>
	<coordinates>
		<system>1</system>
		<posx>0</posx>
		<posy>0</posy>
		<origin x="485" y="100" />
	</coordinates>
	<controls>
		<control type="image" id="999">
			<width>310</width>
			<height>436</height>
			<texture border="20">dialogs/button_Menu.png</texture>
		</control>
		<control type="image">
			<posx>4</posx>
			<posy>18</posy>
			<width>302</width>
			<include>dialog_Separator</include>
		</control>
		<control type="grouplist" id="996">
			<posx>4</posx>
			<posy>18</posy>
			<width>302</width>
			<height min="40" max="400">auto</height>
			<itemgap>0</itemgap>
			<control type="button" id="2007">
				<posx>0</posx>
				<posy>0</posy>
				<width>302</width>
				<label>$LOCALIZE[32015]</label>
				<visible>Container.Content(artists) | Container.Content(albums) | Container.Content(songs) | Container.Content(actors) | Container.Content(directors)</visible>
				<onclick>ActivateWindow(videos,plugin://plugin.video.youtube/?path=/root/search&amp;feed=search&amp;search=$INFO[ListItem.Label],return)</onclick>
				<include>dialog_Button-list</include>			
			</control>
			<control type="button" id="2008">
				<posx>0</posx>
				<posy>0</posy>
				<width>302</width>
				<label>$LOCALIZE[32016]</label>
				<visible>Container.Content(movies) + System.HasAddon(script.randommovie)</visible>
				<onclick>RunScript(script.randommovie)</onclick>
				<include>dialog_Button-list</include>
			</control>
			<control type="button" id="2009">
				<posx>0</posx>
				<posy>0</posy>
				<width>302</width>
				<label>$LOCALIZE[32017]</label>
				<visible>Container.Content(movies) + System.HasAddon(script.randommovie)</visible>
				<onclick>XBMC.RunScript(script.randommovie, filtergenre=True)</onclick>
				<include>dialog_Button-list</include>			
			</control>
			 <control type="button" id="2010">
				<posx>0</posx>
				<posy>0</posy>
				<width>302</width>
				<description>actor/director info button (visible only container is MovieActors, MovieDirectors or TvShowActors)</description>
				<label>Actor Information</label>
				<onclick>RunScript(script.metadata.actors,$INFO[ListItem.Label])</onclick>
				<visible>System.HasAddon(script.metadata.actors) + [SubString(Container.FolderPath,videodb://1/4/) | SubString(Container.FolderPath,videodb://1/5/) | SubString(Container.FolderPath,videodb://2/4/)]</visible>
				<include>dialog_Button-list</include>
		    	</control>
        	</control>
		<!--default button-->
		<control type="button" id="1000">
			<posx>9</posx>
			<width>335</width>
			<include>dialog_Button-list</include>
		</control>
	</controls>
</window>
