<window id="152">
	<defaultcontrol always="true">5</defaultcontrol>
	<include>dialogOpen</include>
	<coordinates>
		<system>1</system>
		<posx>315</posx>
		<posy>225</posy>
	</coordinates>
	<controls>
		<control type="image">
			<width>650</width>
			<height>490</height>
			<include>dialogWindow</include>
		</control>
		<control type="label" id="2">
			<width>582</width>
			<label>$LOCALIZE[587]</label>
			<include>dialog_Windowtitle</include>
		</control>
	<!--control area-->
		<control type="group">
			<posx>19</posx>
			<posy>75</posy>
			<control type="image">
				<width>613</width>
				<include>dialog_Separator</include>
			</control>
			<control type="grouplist" id="5">
				<width>613</width>
				<height>320</height>
				<itemgap>0</itemgap>
				<onup>9001</onup>
				<ondown>9001</ondown>
			</control>
		</control>
	<!---defaults--->
		<control type="button" id="7">
			<width>238</width>
			<textoffsetx>16</textoffsetx>
			<include>dialog_Button-list</include>
		</control>
		<control type="radiobutton" id="8">
			<textwidth>460</textwidth>
			<include>dialog_Radio</include>
		</control>
		<control type="spincontrolex" id="9">
			<include>dialog_Spin</include>
		</control>
		<control type="sliderex" id="10">
			<include>dialog_Slider</include>
		</control>
		<control type="edit" id="12">
			<include>dialog_Button-list</include>
		</control>
	<!---dialog buttons--->
		<control type="group" id="9001">
			<posx>367</posx>
			<posy>417</posy>
			<!--ok-->
			<control type="button" id="28">
				<label>$LOCALIZE[186]</label>
				<onup>5</onup>
				<onleft>27</onleft>
				<onright>27</onright>
				<ondown>5</ondown>
				<include>dialog_Button</include>
			</control>
			<!--clear-->
			<control type="button" id="27">
				<posx>130</posx>
				<label>$LOCALIZE[192]</label>
				<onup>5</onup>
				<onleft>28</onleft>
				<onright>28</onright>
				<ondown>5</ondown>
				<include>dialog_Button</include>
			</control>
		</control>
		<control type="scrollbar" id="6">
			<visible>false</visible>
		</control>
	</controls>
</window>
