﻿<window id="113">
	<defaultcontrol>-</defaultcontrol>
	<coordinates>
		<system>0</system>
		<posx>0</posx>
		<posy>0</posy>
	</coordinates>
	<controls>
		<control type="image">
			<texture>toast/mute.png</texture>
			<posx>60r</posx>
			<posy>16</posy>
			<width>42</width>
			<height>42</height>
			<visible>!Window.IsActive(infodialog)</visible>
			<animation type="WindowOpen" reversible="false">
				<effect type="slide" start="50" end="0" tween="Cubic" easing="Out" time="200" />
				<effect type="fade" start="0" end="100" time="100" />
			</animation>
			<animation type="WindowClose" reversible="false">
				<effect type="slide" start="0" end="50" tween="Cubic" easing="In" time="200" />
				<effect type="fade" start="100" end="0" time="300" />
			</animation>
			<animation effect="slide" start="0,0" end="0,46"  time="300" tween="sine" easing="inout" condition="Skin.HasSetting(videoosd.xperience1080) + Window.IsActive(fullscreeninfo)">Conditional</animation>
            
		</control>
	</controls>
</window>
