﻿<window type="dialog" id="142">
	<defaultcontrol>7000</defaultcontrol>
	<controls>

	<!--<include>clock</include>-->
		<control type="group">
			<visible>!Skin.HasSetting(videoosd.xperience1080)</visible>
			<include>clock</include>
			<include>OverlayTop</include>
		</control>
	
	<!--TRIGGER-->
		
		
		<!-- reAlaska OSD -->
		
		<control type="button" id="2000">
			<label>SHOULD NOT SEE ME</label>
			<onup>53</onup>
			<ondown>53</ondown>
			<onleft>-</onleft>
			<onright>3000</onright>
			<width>500</width>
			<visible allowhiddenfocus="true">false</visible>
		</control>
		<control type="button" id="3000">
			<label>SHOULD NOT SEE ME</label>
			<onup>53</onup>
			<ondown>53</ondown>
			<onleft>2000</onleft>
			<onright>-</onright>
			<width>500</width>
			<visible allowhiddenfocus="true">false</visible>
		</control>
	
			
	<!--		<include>osd_Info</include>
			<include>transition_OSD</include>-->


<control type="group">
			<posy>300</posy>
			<visible>[Skin.HasSetting(videoosd.realaska)] + [VideoPlayer.Content(movies) | VideoPlayer.Content(episodes) | VideoPlayer.Content(musicvideos)] + ![Window.IsActive(2901)]</visible>
			<control type="image">
				<height>200</height>
				<include>screenwidth</include>
				<texture>infoOverlay2.png</texture>
				<include>transition_OSD2</include>
			</control>
		</control>
		<control type="group">
			<posy>369</posy>
			<visible>[Skin.HasSetting(videoosd.realaska)] + [VideoPlayer.Content(files)] + ![Window.IsActive(2901)]</visible>
			<control type="image">
				<height>200</height>
				<include>screenwidth</include>
				<texture>infoOverlay2.png</texture>
				<include>transition_OSD2</include>
			</control>
		</control>
			
	<!--		<include>osd_Info</include>
			<include>transition_OSD</include>-->
			<control type="group">

			<animation effect="slide" start="0,0" end="0,42" time="0" condition="[VideoPlayer.Content(livetv) | VideoPlayer.Content(files)]">Conditional</animation>
			
			<control type="image" id="1">
			<posy>500</posy>
				<width>1280</width>
				<height>220</height>
				<texture border="24">infoOverlay.png</texture>
				<visible>[Skin.HasSetting(videoosd.realaska)] + [Player.HasVideo + ![VideoPlayer.Content(musicvideos) | VideoPlayer.Content(files)]]</visible>
			</control>
			<control type="image" id="1">
			<posy>500</posy>
				<width>1280</width>
				<height>200</height>
				<texture border="24">infoOverlay.png</texture>
				<visible>[Skin.HasSetting(videoosd.realaska)] + [Player.HasAudio | VideoPlayer.Content(musicvideos) | VideoPlayer.Content(files)]</visible>
			</control>

		</control>

		<!---TV Shows Clearart-->
		<control type ="group">
			<visible>!Skin.HasSetting(videoosd.showposter) + Skin.HasSetting(videoosd.realaska)</visible>
			<control type="image" id="1159">
				<posx>10</posx>
				<posy>555</posy>
				<width>290</width>
				<height>170</height>
				<texture>$INFO[Player.FolderPath]../clearart.png</texture>
				<aspectratio>keep</aspectratio>
				<include>transition_OSD</include>
				<visible>Skin.HasSetting(videoosd.realaska) + [VideoPlayer.Content(episodes)]</visible>
			</control>
			<control type="image" id="11599">
				<posx>10</posx>
				<posy>555</posy>
				<width>290</width>
				<height>170</height>
				<texture>$INFO[Player.FolderPath]clearart.png</texture>
				<aspectratio>keep</aspectratio>
				<include>transition_OSD</include>
				<visible>Skin.HasSetting(videoosd.realaska) + [VideoPlayer.Content(episodes)]</visible>
			</control>
			<control type="image" id="1">
				<posx>10</posx>
				<posy>498</posy>
				<width>290</width>
				<height>170</height>
				<texture background="true" diffuse="frames/frame_Square-small-mask.png">$INFO[VideoPlayer.Cover]</texture>
				<aspectratio align="right">keep</aspectratio>
				<include>transition_OSD</include>
				<visible> VideoPlayer.Content(episodes) + [StringCompare(Control.GetLabel(1159),empty) + StringCompare(Control.GetLabel(11599),empty)]</visible>
			</control>
		</control>

		<!---TV Shows Poster-->
		<control type ="group">
			<visible>[Skin.HasSetting(videoosd.showposter) | VideoPlayer.Content(files)] + Skin.HasSetting(videoosd.realaska)</visible>
			
			<control type="image" id="14599">
				<posx>15</posx>
				<posy>340</posy>
				<width>280</width>
				<height>340</height>
				<texture fallback="empty" diffuse="frames/frame_Square-small-mask.png">$INFO[Player.FolderPath]poster.jpg</texture>
				<aspectratio>keep</aspectratio>
				<include>transition_OSD</include>
				<visible>Skin.HasSetting(videoosd.realaska) + [VideoPlayer.Content(episodes) | VideoPlayer.Content(files)] + !Skin.HasSetting(videoosd.showfolderjpg)</visible>
			</control>
			<control type="image" id="1459">
				<posx>15</posx>
				<posy>340</posy>
				<width>280</width>
				<height>340</height>
				<texture fallback="empty" diffuse="frames/frame_Square-small-mask.png">$INFO[Player.FolderPath]../poster.jpg</texture>
				<aspectratio>keep</aspectratio>
				<include>transition_OSD</include>
				<visible>Skin.HasSetting(videoosd.realaska) + [VideoPlayer.Content(episodes) | VideoPlayer.Content(files)] + !Skin.HasSetting(videoosd.showfolderjpg)</visible>
			</control>
			<control type="image" id="14699">
				<posx>15</posx>
				<posy>340</posy>
				<width>280</width>
				<height>340</height>
				<texture fallback="empty" diffuse="frames/frame_Square-small-mask.png">$INFO[Player.FolderPath]folder.jpg</texture>
				<aspectratio>keep</aspectratio>
				<include>transition_OSD</include>
				<visible>Skin.HasSetting(videoosd.realaska) + [VideoPlayer.Content(episodes) | VideoPlayer.Content(files)] + Skin.HasSetting(videoosd.showfolderjpg)</visible>
			</control>
			<control type="image" id="1469">
				<posx>15</posx>
				<posy>340</posy>
				<width>280</width>
				<height>340</height>
				<texture fallback="empty" diffuse="frames/frame_Square-small-mask.png">$INFO[Player.FolderPath]../folder.jpg</texture>
				<aspectratio>keep</aspectratio>
				<include>transition_OSD</include>
				<visible>Skin.HasSetting(videoosd.realaska) + [VideoPlayer.Content(episodes) | VideoPlayer.Content(files)] + Skin.HasSetting(videoosd.showfolderjpg)</visible>
			</control>
			<control type="image" id="1">
				<posx>15</posx>
				<posy>442</posy>
				<width>280</width>
				<height>340</height>
				<texture background="true" diffuse="frames/frame_Square-small-mask.png">$INFO[VideoPlayer.Cover]</texture>
				<aspectratio align="right">keep</aspectratio>
				<include>transition_OSD</include>
				<visible> [VideoPlayer.Content(episodes) | VideoPlayer.Content(files)] + [StringCompare(Control.GetLabel(1459),empty) + StringCompare(Control.GetLabel(14599),empty)] + !Skin.HasSetting(videoosd.showfolderjpg)</visible>
			</control>
			<control type="image" id="1">
				<posx>15</posx>
				<posy>442</posy>
				<width>280</width>
				<height>340</height>
				<texture background="true" diffuse="frames/frame_Square-small-mask.png">$INFO[VideoPlayer.Cover]</texture>
				<aspectratio align="right">keep</aspectratio>
				<include>transition_OSD</include>
				<visible> [VideoPlayer.Content(episodes) | VideoPlayer.Content(files)] + [StringCompare(Control.GetLabel(1469),empty) + StringCompare(Control.GetLabel(14699),empty)] + Skin.HasSetting(videoosd.showfolderjpg)</visible>
			</control>
		</control>
		
	<!---movies-->
		<control type ="group">
			<visible>!Skin.HasSetting(videoosd.showposter) + Skin.HasSetting(videoosd.realaska)</visible>
			<control type="image" id="1">
				<posx>0</posx>
				<posy>360</posy>
				<width>280</width>
				<height>340</height>
				<texture background="true" diffuse="frames/frame_Square-small-mask.png">$INFO[VideoPlayer.Cover]</texture>
				<aspectratio align="right">keep</aspectratio>
				<include>transition_OSD</include>
				<visible> VideoPlayer.Content(movies) + !SubString(Player.FolderPath,http)</visible>
			</control>
			<control type="image" id="1">
				<posx>0</posx>
				<posy>442</posy>
				<width>280</width>
				<height>340</height>
				<texture background="true" diffuse="frames/frame_Square-small-mask.png">$INFO[VideoPlayer.Cover]</texture>
				<aspectratio align="right">keep</aspectratio>
				<include>transition_OSD</include>
				<visible> VideoPlayer.Content(movies) + SubString(Player.FolderPath,http)</visible>
			</control>
		</control>

		<control type ="group">
			<visible>Skin.HasSetting(videoosd.showposter) + Skin.HasSetting(videoosd.realaska)</visible>
			<control type="image" id="1259">
				<posx>0</posx>
				<posy>360</posy>
				<width>280</width>
				<height>340</height>
				<texture  fallback="empty" background="true" diffuse="frames/frame_Square-small-mask.png">$INFO[Player.FolderPath]../poster.jpg</texture>
				<aspectratio>keep</aspectratio>
				<include>transition_OSD</include>
				<visible>Skin.HasSetting(videoosd.realaska) + VideoPlayer.Content(movies) + !Skin.HasSetting(videoosd.showfolderjpg)</visible>
			</control>
			<control type="image" id="12599">
				<posx>0</posx>
				<posy>360</posy>
				<width>280</width>
				<height>340</height>
				<texture fallback="empty" background="true" diffuse="frames/frame_Square-small-mask.png">$INFO[Player.FolderPath]poster.jpg</texture>
				<aspectratio>keep</aspectratio>
				<include>transition_OSD</include>
				<visible>Skin.HasSetting(videoosd.realaska) + VideoPlayer.Content(movies) + !Skin.HasSetting(videoosd.showfolderjpg)</visible>
			</control>
			<control type="image" id="1269">
				<posx>15</posx>
				<posy>360</posy>
				<width>280</width>
				<height>340</height>
				<texture  fallback="empty" background="true" diffuse="frames/frame_Square-small-mask.png">$INFO[Player.FolderPath]../folder.jpg</texture>
				<aspectratio>keep</aspectratio>
				<include>transition_OSD</include>
				<visible>Skin.HasSetting(videoosd.realaska) + VideoPlayer.Content(movies) + Skin.HasSetting(videoosd.showfolderjpg)</visible>
			</control>
			<control type="image" id="12699">
				<posx>15</posx>
				<posy>360</posy>
				<width>280</width>
				<height>340</height>
				<texture fallback="empty" background="true" diffuse="frames/frame_Square-small-mask.png">$INFO[Player.FolderPath]folder.jpg</texture>
				<aspectratio>keep</aspectratio>
				<include>transition_OSD</include>
				<visible>Skin.HasSetting(videoosd.realaska) + VideoPlayer.Content(movies) + Skin.HasSetting(videoosd.showfolderjpg)</visible>
			</control>
			<control type="image" id="12600">
				<posx>15</posx>
				<posy>360</posy>
				<width>280</width>
				<height>340</height>
				<texture background="true" diffuse="frames/frame_Square-small-mask.png">$INFO[VideoPlayer.Cover]</texture>
				<aspectratio align="right">keep</aspectratio>
				<include>transition_OSD</include>
				<visible> VideoPlayer.Content(movies) + !SubString(Player.FolderPath,http) +  [StringCompare(Control.GetLabel(1259),empty) + StringCompare(Control.GetLabel(12599),empty)] + !Skin.HasSetting(videoosd.showfolderjpg)</visible>
			</control>
			<control type="image" id="12601">
				<posx>0</posx>
				<posy>360</posy>
				<width>280</width>
				<height>340</height>
				<texture background="true" diffuse="frames/frame_Square-small-mask.png">$INFO[VideoPlayer.Cover]</texture>
				<aspectratio align="right">keep</aspectratio>
				<include>transition_OSD</include>
				<visible> VideoPlayer.Content(movies) + !SubString(Player.FolderPath,http) +  [StringCompare(Control.GetLabel(1269),empty) + StringCompare(Control.GetLabel(12699),empty)] + Skin.HasSetting(videoosd.showfolderjpg)</visible>
			</control>
			<control type="image" id="1">
				<posx>0</posx>
				<posy>462</posy>
				<width>280</width>
				<height>340</height>
				<texture background="true" diffuse="frames/frame_Square-small-mask.png">$INFO[VideoPlayer.Cover]</texture>
				<aspectratio align="right">keep</aspectratio>
				<include>transition_OSD</include>
				<visible> VideoPlayer.Content(movies) + SubString(Player.FolderPath,http)</visible>
			</control>
		</control>
			
			<control type="image" id="1">
				<posx>10</posx>
				<posy>-300</posy>
				<width>290</width>
				<height>170</height>
				<texture>$INFO[MusicPlayer.Cover]</texture>
				<aspectratio align="center">stretch</aspectratio>
				<include>transition_OSD</include>
				<visible>Skin.HasSetting(videoosd.realaska)</visible>
			</control>
			<control type="image" id="1">
				<posx>15</posx>
				<posy>442</posy>
				<width>280</width>
				<height>340</height>
				<texture background="true" diffuse="frames/frame_Square-small-mask.png">$INFO[VideoPlayer.Cover]</texture>
				<aspectratio align="right">keep</aspectratio>
				<include>transition_OSD</include>
				<visible>Skin.HasSetting(videoosd.realaska) + VideoPlayer.Content(livetv)</visible>
			</control>
			<control type="image" id="1">
				
			<animation effect="slide" start="0,0" end="0,42" time="0" condition="[VideoPlayer.Content(livetv) | VideoPlayer.Content(files)]">Conditional</animation>
			
				<posx>1206</posx>
				<posy>510</posy>
				<width>48</width>
				<height>48</height>
				<aspectratio align="right">keep</aspectratio>
				<texture>flags/video/HD/nf-HD.png</texture>
				<visible>Skin.HasSetting(videoosd.realaska) + IntegerGreaterThan(VideoPlayer.VideoResolution,540)</visible>
			</control>

			<!--info-->
			<control type="group" id="1">
				
			<animation effect="slide" start="0,0" end="0,42" time="0" condition="[VideoPlayer.Content(livetv) | VideoPlayer.Content(files)]">Conditional</animation>
			
				<posx>310</posx>
				<posy>520</posy>
				<control type="label" id="1">
					<width>870</width>
					<label>$VAR[osd.Title.Black]</label>
					<textcolor>ColorOSD4</textcolor>
					<font>osdTitle</font>
					<visible>Skin.HasSetting(videoosd.realaska)</visible>
				</control>
				<control type="label" id="1">
					<posy>27</posy>
					<width>750</width>
					<label>$VAR[osd.Info]</label>
					<textcolor>Color2</textcolor>
					<include>info_Sub</include>
					<visible>Skin.HasSetting(videoosd.realaska)</visible>
				</control>
				<control type="label" id="1">
					<posy>54</posy>
					<width>750</width>
					<label>$LOCALIZE[209]: $INFO[MusicPlayer.Offset(1).Artist,]$INFO[MusicPlayer.Offset(1).Title, - ] ($INFO[MusicPlayer.PlaylistPosition,]$INFO[MusicPlayer.PlaylistLength,/])</label>
					<textcolor>ColorOSD4</textcolor>
					<font>smallerCapsBIG</font>
					<include>info_Sub</include>
					<visible>Skin.HasSetting(videoosd.realaska) + Player.HasAudio</visible>
				</control>
				
			
				
				<control type="label" id="1">
					<posy>54</posy>
					<width>850</width>
					<label>$LOCALIZE[209]: $INFO[VideoPlayer.Offset(1).Artist,]$INFO[MusicPlayer.Offset(1).Title, - ] ($INFO[VideoPlayer.PlaylistPosition,]$INFO[VideoPlayer.PlaylistLength,/])</label>
					<textcolor>ColorOSD4</textcolor>
					<font>smallerCapsBIG</font>
					<include>info_Sub</include>
					<visible>Skin.HasSetting(videoosd.realaska) + VideoPlayer.Content(musicvideos)</visible>
				</control>
				<control type="image" id="1">
					<posx>1020</posx>
					<posy>-3</posy>
					<width>82</width>
					<height>32</height>
					<aspectratio align="right">keep</aspectratio>
					<texture>flags/codec/$INFO[MusicPlayer.Codec,,.png]</texture>
					<visible>Skin.HasSetting(videoosd.realaska)</visible>
				</control>
				<control type="image" id="1">
					<posx>815</posx>
					<posy>30</posy>
					<width>128</width>
					<height>22</height>
					<texture>$INFO[Player.StarRating,rating/nf-,]</texture>
					<aspectratio align="right">keep</aspectratio>
					<visible>Skin.HasSetting(videoosd.realaska)</visible>
				</control>
				
				<!--plot-->
				<control type="group" id="1">
					<posy>55</posy>
					<visible>[Skin.HasSetting(videoosd.realaska)] + Player.HasVideo + ![VideoPlayer.Content(musicvideos) | VideoPlayer.Content(files)]</visible>
					<control type="textbox" id="1">
						<height>55</height>
						<width>950</width>
						<label>$VAR[player_Plot.Condition]</label>
						<textcolor>ColorOSD4</textcolor>
						<include>description_OSD</include>
						<visible>Skin.HasSetting(videoosd.realaska) + Skin.HasSetting(osd.progressbarrealaska)</visible>
					</control>
					<control type="textbox" id="1">
						<height>110</height>
						<width>950</width>
						<label>$VAR[player_Plot.Condition]</label>
						<textcolor>ColorOSD4</textcolor>
						<include>description_OSD</include>
						<visible>Skin.HasSetting(videoosd.realaska) + !Skin.HasSetting(osd.progressbarrealaska)</visible>
					</control>
				</control>

							<!--progress-->
				<control type="group" id="1">
					<posy>120</posy>
					<animation effect="slide" start="0,0" end="0,-44" time="0" condition="Player.HasAudio | VideoPlayer.Content(musicvideos) | VideoPlayer.Content(files)">Conditional</animation>
					<visible>Skin.HasSetting(osd.progressbarrealaska)</visible>
					<control type="progress" id="1">
						<posy>10</posy>
						<width>950</width>
						<height>18</height>
						<texturebg border="10">dialogs/progressBackground.png</texturebg>
						<info>Player.Progress</info>
						<visible>Skin.HasSetting(videoosd.realaska)</visible>
					</control>
					<control type="group" id="1">
						<posy>30</posy>
						<control type="label" id="1">
							<posx>0</posx>
							<width>950</width>
							<label>$INFO[Player.Time]</label>
							<font>smallerCapsBIG</font>
							<textcolor>Color3</textcolor>
							<visible>Skin.HasSetting(videoosd.realaska)</visible>
						</control>
						<control type="label" id="1">
							<posx>950</posx>
							<width>950</width>
							<label>$INFO[Player.Duration]</label>
							<align>right</align>
							<font>smallerCapsBIG</font>
							<textcolor>Color3</textcolor>
							<visible>Skin.HasSetting(videoosd.realaska)</visible>
						</control>
						<control type="label" id="1">
						<posx>-100</posx>
							<label>$VAR[player_Status.Condition]</label>
							<include>seekbar_Label-Info.Main</include>
							<visible>Skin.HasSetting(videoosd.realaska)</visible>
						</control>
					</control>
				</control>
			</control>
				
				
				
		<control type="group">
			<include>osd_Info</include>
			<include>transition_OSD</include>
			<visible>![Skin.HasSetting(videoosd.realaska) | Skin.HasSetting(videoosd.xperience1080)]</visible>
		</control>
		<control type="group">
			<include>osd_InfoXperience</include>
			<include>transition_OSD</include>
			<include>OSDWeatherClock</include>
			<visible>Skin.HasSetting(videoosd.xperience1080)</visible>
		</control>
		
	</controls>
</window>
