<window id="0">
	<defaultcontrol always="true">9000</defaultcontrol>
	<allowoverlay>no</allowoverlay>
	

	<controls>
	<!-- global background --->
		<control type="largeimage">
			<include>screen_Dimensions</include>
			<texture background="true">backgrounds/background.png</texture>
			<aspectratio>scale</aspectratio>
			<animation type="WindowOpen" condition="Window.Previous(2999)">
				<effect type="fade" start="0" end="100" time="600" delay="0" />
			</animation>
			<animation type="WindowOpen" condition="!Window.Previous(2999)">
				<effect type="fade" start="0" end="100" time="200" delay="0" />
			</animation>
			<animation type="WindowClose">
				<effect type="fade" start="100" end="0" time="200" delay="0" />
			</animation>
			<visible>Skin.HasSetting(wallpaper.original) + ![Player.HasVideo + Skin.HasSetting(backgroundvideo)] | [Skin.HasSetting(slideshow.fanart) + ![Library.HasContent(movies) + Library.HasContent(tvshows)]] + ![Control.HasFocus(8001) | Control.HasFocus(8000) | Control.HasFocus(8002) | Control.HasFocus(8005) | [Control.HasFocus(8006) | Control.HasFocus(8007)] | [Control.HasFocus(8008) | Control.HasFocus(8009)]]</visible>
		</control>
	<!-- slideshows--->
		<include>home_Slideshows</include>
	<!-- background video --->
		<control type="image">
			<include>screen_Dimensions</include>
			<texture>black.png</texture>
			<aspectratio>stretch</aspectratio>
			<visible>[Skin.HasSetting(backgroundvideo) + !Window.IsActive(videoplaylist) + Player.HasVideo] | [Container(9000).HasFocus(22) + Player.HasVideo]</visible>
		</control>
		<control type="videowindow">
			<include>screen_Dimensions</include>
			<visible>[Skin.HasSetting(backgroundvideo) + !Window.IsActive(videoplaylist) + Player.HasVideo] | [Container(9000).HasFocus(22) + Player.HasVideo]</visible>
		</control>
		<!-- weather fanart --->
		<control type="multiimage" id="1">
			<include>screen_Dimensions</include>
			<aspectratio>stretch</aspectratio>
			<imagepath background="true">$INFO[Skin.String(fanart.weather.path)]/$INFO[Weather.FanartCode]</imagepath>
			<timeperimage>slideshow_Timer</timeperimage>
			<fadetime>200</fadetime>
			<randomize>true</randomize>
			<loop>yes</loop>
			<include>fadeinout</include>
			<visible allowhiddenfocus="true">Skin.HasSetting(fanart.weather) + [!Skin.HasSetting(fanart.weather.singleimage) | !Skin.HasSetting(fanart.weather.singlepaths)] + Container(9000).HasFocus(17)</visible>
		</control>
		<control type="image">
			<include>screen_Dimensions</include>
			<texture>$INFO[Skin.String(fanart.weather.image)]</texture>
			<aspectratio>scale</aspectratio>
			<fadetime>850</fadetime>
			<include>fadeinout</include>
			<visible allowhiddenfocus="true">!Skin.HasSetting(slideshow.fanart) + [!Skin.HasSetting(slideshow.custom2) | IsEmpty(Skin.String(slideshow.custom.path))] + !Skin.HasSetting(wallpaper.original) + ![Player.HasVideo + Skin.HasSetting(backgroundvideo)] + !Skin.HasSetting(fanart.weather.singleimage) + !Skin.HasSetting(fanart.weather) + Container(9000).HasFocus(17)</visible>
		</control>
		<control type="multiimage" id="1">
			<include>screen_Dimensions</include>
			<aspectratio>stretch</aspectratio>
			<imagepath background="true">$INFO[Skin.String(fanart.weather.singlepath)]</imagepath>
			<timeperimage>slideshow_Timer</timeperimage>
			<fadetime>200</fadetime>
			<randomize>true</randomize>
			<loop>yes</loop>
			<include>fadeinout</include>
			<visible allowhiddenfocus="true">!Skin.HasSetting(slideshow.fanart) + [!Skin.HasSetting(slideshow.custom2) | IsEmpty(Skin.String(slideshow.custom.path))] + !Skin.HasSetting(wallpaper.original) + ![Player.HasVideo + Skin.HasSetting(backgroundvideo)] + !Skin.HasSetting(fanart.weather.singlepaths) + !Skin.HasSetting(fanart.weather) + Container(9000).HasFocus(17)</visible>
		</control>
		<control type="image">
			<include>screen_Dimensions</include>
			<texture background="true">special://skin/backgrounds/weather.jpg</texture>
			<aspectratio>scale</aspectratio>
			<fadetime>850</fadetime>
			<include>fadeinout</include>
			<visible allowhiddenfocus="true">!Skin.HasSetting(slideshow.fanart) + [!Skin.HasSetting(slideshow.custom2) | IsEmpty(Skin.String(slideshow.custom.path))] + !Skin.HasSetting(fanart.weather) +  IsEmpty(Skin.String(fanart.weather.singlepath)) + IsEmpty(Skin.String(fanart.weather.image)) + !Skin.HasSetting(wallpaper.original) + ![Player.HasVideo + Skin.HasSetting(backgroundvideo)] + Container(9000).HasFocus(17)</visible>
		</control>
		<!-- videos fanart --->
		<control type="image" id="100">
			<include>screen_Dimensions</include>
			<texture>$INFO[Skin.String(fanart.video.image)]</texture>
			<aspectratio>scale</aspectratio>
			<fadetime>850</fadetime>
			<include>fadeinout</include>
			<visible allowhiddenfocus="true">!Skin.HasSetting(slideshow.fanart) + [!Skin.HasSetting(slideshow.custom2) | IsEmpty(Skin.String(slideshow.custom.path))]  + !Skin.HasSetting(wallpaper.original) + ![Player.HasVideo + Skin.HasSetting(backgroundvideo)] + !Skin.HasSetting(fanart.video.image) + [Container(9000).HasFocus(1) | Container(9000).HasFocus(2)]</visible>
		</control>
		<control type="multiimage" id="101">
			<include>screen_Dimensions</include>
			<aspectratio>stretch</aspectratio>
			<imagepath background="true">$INFO[Skin.String(fanart.video.path)]</imagepath>
			<timeperimage>slideshow_Timer</timeperimage>
			<fadetime>200</fadetime>
			<randomize>true</randomize>
			<loop>yes</loop>
			<include>fadeinout</include>
			<visible allowhiddenfocus="true">!Skin.HasSetting(slideshow.fanart) + [!Skin.HasSetting(slideshow.custom2) | IsEmpty(Skin.String(slideshow.custom.path))] + !Skin.HasSetting(wallpaper.original) + ![Player.HasVideo + Skin.HasSetting(backgroundvideo)] + !Skin.HasSetting(fanart.video.path) + [Container(9000).HasFocus(1) | Container(9000).HasFocus(2)]</visible>
		</control>
		<control type="image">
			<include>screen_Dimensions</include>
			<texture background="true">special://skin/backgrounds/videos.jpg</texture>
			<aspectratio>scale</aspectratio>
			<fadetime>850</fadetime>
			<include>fadeinout</include>
			<visible allowhiddenfocus="true">!Skin.HasSetting(slideshow.fanart) + [!Skin.HasSetting(slideshow.custom2) | IsEmpty(Skin.String(slideshow.custom.path))] + !Skin.HasSetting(wallpaper.original) + ![Player.HasVideo + Skin.HasSetting(backgroundvideo)] + IsEmpty(Skin.String(fanart.video.path)) + IsEmpty(Skin.String(fanart.video.image)) + [Container(9000).HasFocus(1) | Container(9000).HasFocus(2)]</visible>
		</control>]
		<!-- movies fanart --->
		<control type="image">
			<include>screen_Dimensions</include>
			<texture>$INFO[Skin.String(fanart.movies.image)]</texture>
			<aspectratio>scale</aspectratio>
			<fadetime>850</fadetime>
			<include>fadeinout</include>
			<visible allowhiddenfocus="true">!Skin.HasSetting(slideshow.fanart) + [!Skin.HasSetting(slideshow.custom2) | IsEmpty(Skin.String(slideshow.custom.path))] + !Skin.HasSetting(wallpaper.original) + ![Player.HasVideo + Skin.HasSetting(backgroundvideo)] + !Skin.HasSetting(fanart.movies.image) + [Container(9000).HasFocus(3) | Container(9000).HasFocus(4)] + [![Control.HasFocus(8000) | [Control.HasFocus(8006) | Control.HasFocus(8007)]] | Skin.HasSetting(home.widgets.nofanart)]</visible>
		</control>
		<control type="multiimage" id="1">
			<include>screen_Dimensions</include>
			<aspectratio>stretch</aspectratio>
			<imagepath background="true">$INFO[Skin.String(fanart.movies.path)]</imagepath>
			<timeperimage>slideshow_Timer</timeperimage>
			<fadetime>200</fadetime>
			<randomize>true</randomize>
			<loop>yes</loop>
			<include>fadeinout</include>
			<visible allowhiddenfocus="true">!Skin.HasSetting(slideshow.fanart) + [!Skin.HasSetting(slideshow.custom2) | IsEmpty(Skin.String(slideshow.custom.path))] + !Skin.HasSetting(wallpaper.original) + ![Player.HasVideo + Skin.HasSetting(backgroundvideo)] + !Skin.HasSetting(fanart.movies) + [Container(9000).HasFocus(3) | Container(9000).HasFocus(4)] + [![Control.HasFocus(8000) | [Control.HasFocus(8006) | Control.HasFocus(8007)]] | Skin.HasSetting(home.widgets.nofanart)]</visible>
		</control>
		<control type="image">
			<include>screen_Dimensions</include>
			<texture background="true">special://skin/backgrounds/movies.jpg</texture>
			<aspectratio>scale</aspectratio>
			<fadetime>850</fadetime>
			<include>fadeinout</include>
			<visible allowhiddenfocus="true">!Skin.HasSetting(slideshow.fanart) + [!Skin.HasSetting(slideshow.custom2) | IsEmpty(Skin.String(slideshow.custom.path))] + !Skin.HasSetting(wallpaper.original) + ![Player.HasVideo + Skin.HasSetting(backgroundvideo)] + IsEmpty(Skin.String(fanart.movies.image)) + IsEmpty(Skin.String(fanart.movies.path)) + [Container(9000).HasFocus(3) | Container(9000).HasFocus(4)] + [![Control.HasFocus(8000) | [Control.HasFocus(8006) | Control.HasFocus(8007)]] | Skin.HasSetting(home.widgets.nofanart)]</visible>
		</control>
		<control type="image">
			<include>screen_Dimensions</include>
			<texture background="true" fallback="special://skin/backgrounds/movies.jpg">$INFO[Container(8000).ListItem.Property(Fanart)]</texture>
			<fadetime>600</fadetime>
			<visible>Control.HasFocus(8000) + !Skin.HasSetting(home.widgets.nofanart)</visible>
		</control>
		<control type="image">
			<include>screen_Dimensions</include>
			<texture background="true" fallback="special://skin/backgrounds/movies.jpg">$INFO[Container(8006).ListItem.Property(Fanart)]</texture>
			<fadetime>600</fadetime>
			<visible>Control.HasFocus(8006) + !Skin.HasSetting(home.widgets.nofanart)</visible>
		</control>
		<control type="image">
			<include>screen_Dimensions</include>
			<texture background="true" fallback="special://skin/backgrounds/movies.jpg">$INFO[Container(8007).ListItem.Property(Fanart)]</texture>
			<fadetime>600</fadetime>
			<visible>Control.HasFocus(8007) + !Skin.HasSetting(home.widgets.nofanart)</visible>
		</control>
		<!-- tvshows fanart --->
		<control type="image">
			<include>screen_Dimensions</include>
			<texture>$INFO[Skin.String(fanart.tvshows.image)]</texture>
			<aspectratio>scale</aspectratio>
			<fadetime>850</fadetime>
			<include>fadeinout</include>
			<visible allowhiddenfocus="true">!Skin.HasSetting(slideshow.fanart) + [!Skin.HasSetting(slideshow.custom2) | IsEmpty(Skin.String(slideshow.custom.path))] + !Skin.HasSetting(wallpaper.original) + ![Player.HasVideo + Skin.HasSetting(backgroundvideo)] + !Skin.HasSetting(fanart.tvshows.image) + [Container(9000).HasFocus(5) | Container(9000).HasFocus(6)] + [![Control.HasFocus(8001) | Control.HasFocus(8008) | Control.HasFocus(8009)] | Skin.HasSetting(home.widgets.nofanart)]</visible>
		</control>
		<control type="multiimage" id="1">
			<include>screen_Dimensions</include>
			<aspectratio>stretch</aspectratio>
			<imagepath background="true">$INFO[Skin.String(fanart.tvshows.path)]</imagepath>
			<timeperimage>slideshow_Timer</timeperimage>
			<fadetime>200</fadetime>
			<randomize>true</randomize>
			<loop>yes</loop>
			<include>fadeinout</include>
			<visible allowhiddenfocus="true">!Skin.HasSetting(slideshow.fanart) + [!Skin.HasSetting(slideshow.custom2) | IsEmpty(Skin.String(slideshow.custom.path))] + !Skin.HasSetting(wallpaper.original) + ![Player.HasVideo + Skin.HasSetting(backgroundvideo)] + !Skin.HasSetting(fanart.tvshows) + [Container(9000).HasFocus(5) | Container(9000).HasFocus(6)] + [![Control.HasFocus(8001) | Control.HasFocus(8008) | Control.HasFocus(8009)] | Skin.HasSetting(home.widgets.nofanart)]</visible>
		</control>
		<control type="image">
			<include>screen_Dimensions</include>
			<texture background="true">special://skin/backgrounds/tvshows.jpg</texture>
			<aspectratio>scale</aspectratio>
			<fadetime>850</fadetime>
			<include>fadeinout</include>
			<visible allowhiddenfocus="true">!Skin.HasSetting(slideshow.fanart) + [!Skin.HasSetting(slideshow.custom2) | IsEmpty(Skin.String(slideshow.custom.path))] + !Skin.HasSetting(wallpaper.original) + ![Player.HasVideo + Skin.HasSetting(backgroundvideo)] + IsEmpty(Skin.String(fanart.tvshows.image)) + IsEmpty(Skin.String(fanart.tvshows.path)) + [Container(9000).HasFocus(5) | Container(9000).HasFocus(6)] + [![Control.HasFocus(8001) | Control.HasFocus(8008) | Control.HasFocus(8009)] | Skin.HasSetting(home.widgets.nofanart)]</visible>
		</control>
		<control type="image">
			<include>screen_Dimensions</include>
			<texture background="true" fallback="special://skin/backgrounds/tvshows.jpg">$INFO[Container(8001).ListItem.Property(Fanart)]</texture>
			<fadetime>600</fadetime>
			<visible>Control.HasFocus(8001) + !Skin.HasSetting(home.widgets.nofanart)</visible>
		</control>
		<control type="image">
			<include>screen_Dimensions</include>
			<texture background="true" fallback="special://skin/backgrounds/tvshows.jpg">$INFO[Container(8008).ListItem.Property(Fanart)]</texture>
			<fadetime>600</fadetime>
			<visible>Control.HasFocus(8008) + !Skin.HasSetting(home.widgets.nofanart)</visible>
		</control>
		<control type="image">
			<include>screen_Dimensions</include>
			<texture background="true" fallback="special://skin/backgrounds/tvshows.jpg">$INFO[Container(8009).ListItem.Property(Fanart)]</texture>
			<fadetime>600</fadetime>
			<visible>Control.HasFocus(8009) + !Skin.HasSetting(home.widgets.nofanart)</visible>
		</control>
		<!-- pvr fanart --->
		<control type="image">
			<include>screen_Dimensions</include>
			<texture>$INFO[Skin.String(fanart.pvr.image)]</texture>
			<aspectratio>scale</aspectratio>
			<fadetime>850</fadetime>
			<include>fadeinout</include>
			<visible allowhiddenfocus="true">!Skin.HasSetting(slideshow.fanart) + [!Skin.HasSetting(slideshow.custom2) | IsEmpty(Skin.String(slideshow.custom.path))] + !Skin.HasSetting(wallpaper.original) + ![Player.HasVideo + Skin.HasSetting(backgroundvideo)] + !Skin.HasSetting(fanart.pvr.image) + [Container(9000).HasFocus(7) | Container(9000).HasFocus(8)]</visible>
		</control>
		<control type="multiimage" id="1">
			<include>screen_Dimensions</include>
			<aspectratio>stretch</aspectratio>
			<imagepath background="true">$INFO[Skin.String(fanart.pvr.path)]</imagepath>
			<timeperimage>slideshow_Timer</timeperimage>
			<fadetime>200</fadetime>
			<randomize>true</randomize>
			<loop>yes</loop>
			<include>fadeinout</include>
			<visible allowhiddenfocus="true">!Skin.HasSetting(slideshow.fanart) + [!Skin.HasSetting(slideshow.custom2) | IsEmpty(Skin.String(slideshow.custom.path))] + !Skin.HasSetting(wallpaper.original) + ![Player.HasVideo + Skin.HasSetting(backgroundvideo)] + !Skin.HasSetting(fanart.pvr) + [Container(9000).HasFocus(7) | Container(9000).HasFocus(8)]</visible>
		</control>
		<control type="image">
			<include>screen_Dimensions</include>
			<texture background="true">special://skin/backgrounds/livetv.jpg</texture>
			<aspectratio>scale</aspectratio>
			<fadetime>850</fadetime>
			<include>fadeinout</include>
			<visible allowhiddenfocus="true">!Skin.HasSetting(slideshow.fanart) + [!Skin.HasSetting(slideshow.custom2) | IsEmpty(Skin.String(slideshow.custom.path))] + !Skin.HasSetting(wallpaper.original) + ![Player.HasVideo + Skin.HasSetting(backgroundvideo)] + IsEmpty(Skin.String(fanart.pvr.image)) + IsEmpty(Skin.String(fanart.pvr.path)) + [Container(9000).HasFocus(7) | Container(9000).HasFocus(8)]</visible>
		</control>
		<!-- music fanart --->
		<control type="image">
			<include>screen_Dimensions</include>
			<texture>$INFO[Skin.String(fanart.music.image)]</texture>
			<aspectratio>scale</aspectratio>
			<fadetime>850</fadetime>
			<include>fadeinout</include>
			<visible allowhiddenfocus="true">!Skin.HasSetting(slideshow.fanart) + [!Skin.HasSetting(slideshow.custom2) | IsEmpty(Skin.String(slideshow.custom.path))] + !Skin.HasSetting(wallpaper.original) + ![Player.HasVideo + Skin.HasSetting(backgroundvideo)] + !Skin.HasSetting(fanart.music.image) + [Container(9000).HasFocus(9) | Container(9000).HasFocus(10)] + [![Control.HasFocus(8004)] | Skin.HasSetting(home.widgets.nofanart)]</visible>
		</control>
		<control type="multiimage" id="1">
			<include>screen_Dimensions</include>
			<aspectratio>stretch</aspectratio>
			<imagepath background="true">$INFO[Skin.String(fanart.music.path)]</imagepath>
			<timeperimage>slideshow_Timer</timeperimage>
			<fadetime>200</fadetime>
			<randomize>true</randomize>
			<loop>yes</loop>
			<include>fadeinout</include>
			<visible allowhiddenfocus="true">!Skin.HasSetting(slideshow.fanart) + [!Skin.HasSetting(slideshow.custom2) | IsEmpty(Skin.String(slideshow.custom.path))] + !Skin.HasSetting(wallpaper.original) + ![Player.HasVideo + Skin.HasSetting(backgroundvideo)] + !Skin.HasSetting(music.pvr) + [Container(9000).HasFocus(9) | Container(9000).HasFocus(10)] + [![Control.HasFocus(8004)] | Skin.HasSetting(home.widgets.nofanart)]</visible>
		</control>
		<control type="image">
			<include>screen_Dimensions</include>
			<texture background="true">special://skin/backgrounds/music.jpg</texture>
			<aspectratio>scale</aspectratio>
			<fadetime>850</fadetime>
			<include>fadeinout</include>
			<visible allowhiddenfocus="true">!Skin.HasSetting(slideshow.fanart) + [!Skin.HasSetting(slideshow.custom2) | IsEmpty(Skin.String(slideshow.custom.path))] + !Skin.HasSetting(wallpaper.original) + ![Player.HasVideo + Skin.HasSetting(backgroundvideo)] + IsEmpty(Skin.String(fanart.music.image)) + IsEmpty(Skin.String(fanart.music.path)) + [Container(9000).HasFocus(9) | Container(9000).HasFocus(10)] + [![Control.HasFocus(8004)] | Skin.HasSetting(home.widgets.nofanart)]</visible>
		</control>
		<control type="image">
			<include>screen_Dimensions</include>
			<texture background="true" fallback="special://skin/backgrounds/music.jpg">$INFO[Container(8002).ListItem.Property(Fanart)]</texture>
			<fadetime>600</fadetime>
			<visible>Control.HasFocus(8002) + !Skin.HasSetting(home.widgets.nofanart)</visible>
		</control>
		<!-- pictures fanart --->
		<control type="image">
			<include>screen_Dimensions</include>
			<texture>$INFO[Skin.String(fanart.pictures.image)]</texture>
			<aspectratio>scale</aspectratio>
			<fadetime>850</fadetime>
			<include>fadeinout</include>
			<visible allowhiddenfocus="true">!Skin.HasSetting(slideshow.fanart) + [!Skin.HasSetting(slideshow.custom2) | IsEmpty(Skin.String(slideshow.custom.path))] + !Skin.HasSetting(wallpaper.original) + ![Player.HasVideo + Skin.HasSetting(backgroundvideo)] + !Skin.HasSetting(fanart.pictures.image) + [Container(9000).HasFocus(11) | Container(9000).HasFocus(12)]</visible>
		</control>
		<control type="multiimage" id="1">
			<include>screen_Dimensions</include>
			<aspectratio>stretch</aspectratio>
			<imagepath background="true">$INFO[Skin.String(fanart.pictures.path)]</imagepath>
			<timeperimage>slideshow_Timer</timeperimage>
			<fadetime>200</fadetime>
			<randomize>true</randomize>
			<loop>yes</loop>
			<include>fadeinout</include>
			<visible allowhiddenfocus="true">!Skin.HasSetting(slideshow.fanart) + [!Skin.HasSetting(slideshow.custom2) | IsEmpty(Skin.String(slideshow.custom.path))] + !Skin.HasSetting(wallpaper.original) + ![Player.HasVideo + Skin.HasSetting(backgroundvideo)] + !Skin.HasSetting(fanart.pictures) + [Container(9000).HasFocus(11) | Container(9000).HasFocus(12)]</visible>
		</control>
		<control type="image">
			<include>screen_Dimensions</include>
			<texture background="true">special://skin/backgrounds/pictures.jpg</texture>
			<aspectratio>scale</aspectratio>
			<fadetime>850</fadetime>
			<include>fadeinout</include>
			<visible allowhiddenfocus="true">!Skin.HasSetting(slideshow.fanart) + [!Skin.HasSetting(slideshow.custom2) | IsEmpty(Skin.String(slideshow.custom.path))] + !Skin.HasSetting(wallpaper.original) + ![Player.HasVideo + Skin.HasSetting(backgroundvideo)] + IsEmpty(Skin.String(fanart.pictures.image)) + IsEmpty(Skin.String(fanart.pictures.path)) + [Container(9000).HasFocus(11) | Container(9000).HasFocus(12)]</visible>
		</control>
		<!-- addons fanart --->
		<control type="image">
			<include>screen_Dimensions</include>
			<texture>$INFO[Skin.String(fanart.addons.image)]</texture>
			<aspectratio>scale</aspectratio>
			<fadetime>850</fadetime>
			<include>fadeinout</include>
			<visible allowhiddenfocus="true">!Skin.HasSetting(slideshow.fanart) + [!Skin.HasSetting(slideshow.custom2) | IsEmpty(Skin.String(slideshow.custom.path))] + !Skin.HasSetting(wallpaper.original) + ![Player.HasVideo + Skin.HasSetting(backgroundvideo)] + !Skin.HasSetting(fanart.addons.image) + [Container(9000).HasFocus(13) | Container(9000).HasFocus(14)] + [![Control.HasFocus(8005)] | Skin.HasSetting(home.widgets.nofanart)]</visible>
		</control>
		<control type="multiimage" id="1">
			<include>screen_Dimensions</include>
			<aspectratio>stretch</aspectratio>
			<imagepath background="true">$INFO[Skin.String(fanart.addons.path)]</imagepath>
			<timeperimage>slideshow_Timer</timeperimage>
			<fadetime>200</fadetime>
			<randomize>true</randomize>
			<loop>yes</loop>
			<include>fadeinout</include>
			<visible allowhiddenfocus="true">!Skin.HasSetting(slideshow.fanart) + [!Skin.HasSetting(slideshow.custom2) | IsEmpty(Skin.String(slideshow.custom.path))] + !Skin.HasSetting(wallpaper.original) + ![Player.HasVideo + Skin.HasSetting(backgroundvideo)] + !Skin.HasSetting(fanart.addons) + [Container(9000).HasFocus(13) | Container(9000).HasFocus(14)] + [![Control.HasFocus(8005)] | Skin.HasSetting(home.widgets.nofanart)]</visible>
		</control>
		<control type="image">
			<include>screen_Dimensions</include>
			<texture background="true">special://skin/backgrounds/addons.jpg</texture>
			<aspectratio>scale</aspectratio>
			<fadetime>850</fadetime>
			<include>fadeinout</include>
			<visible allowhiddenfocus="true">!Skin.HasSetting(slideshow.fanart) + [!Skin.HasSetting(slideshow.custom2) | IsEmpty(Skin.String(slideshow.custom.path))] + !Skin.HasSetting(wallpaper.original) + ![Player.HasVideo + Skin.HasSetting(backgroundvideo)] + IsEmpty(Skin.String(fanart.addons.image)) + IsEmpty(Skin.String(fanart.addons.path)) + [Container(9000).HasFocus(13) | Container(9000).HasFocus(14)] + [![Control.HasFocus(8005)] | Skin.HasSetting(home.widgets.nofanart)]</visible>
		</control>
		<control type="image">
			<include>screen_Dimensions</include>
			<texture background="true" fallback="special://skin/backgrounds/addons.jpg">$INFO[Container(8005).ListItem.Property(Fanart)]</texture>
			<fadetime>600</fadetime>
			<visible>Control.HasFocus(8005) + !Skin.HasSetting(home.widgets.nofanart)</visible>
		</control>
		
		<!-- system fanart --->
		<control type="image">
			<include>screen_Dimensions</include>
			<texture>$INFO[Skin.String(fanart.system.image)]</texture>
			<aspectratio>scale</aspectratio>
			<fadetime>850</fadetime>
			<include>fadeinout</include>
			<visible allowhiddenfocus="true">!Skin.HasSetting(slideshow.fanart) + [!Skin.HasSetting(slideshow.custom2) | IsEmpty(Skin.String(slideshow.custom.path))] + !Skin.HasSetting(wallpaper.original) + ![Player.HasVideo + Skin.HasSetting(backgroundvideo)] + !Skin.HasSetting(fanart.system.image) + [Container(9000).HasFocus(15) | Container(9000).HasFocus(16)]</visible>
		</control>
		<control type="multiimage" id="1">
			<include>screen_Dimensions</include>
			<aspectratio>stretch</aspectratio>
			<imagepath background="true">$INFO[Skin.String(fanart.system.path)]</imagepath>
			<timeperimage>slideshow_Timer</timeperimage>
			<fadetime>200</fadetime>
			<randomize>true</randomize>
			<loop>yes</loop>
			<include>fadeinout</include>
			<visible allowhiddenfocus="true">!Skin.HasSetting(slideshow.fanart) + [!Skin.HasSetting(slideshow.custom2) | IsEmpty(Skin.String(slideshow.custom.path))] + !Skin.HasSetting(wallpaper.original) + ![Player.HasVideo + Skin.HasSetting(backgroundvideo)] + ![Player.HasVideo + Skin.HasSetting(backgroundvideo)] + !Skin.HasSetting(fanart.system) + [Container(9000).HasFocus(15) | Container(9000).HasFocus(16)]</visible>
		</control>
		<control type="image">
			<include>screen_Dimensions</include>
			<texture background="true">special://skin/backgrounds/settings.jpg</texture>
			<aspectratio>scale</aspectratio>
			<fadetime>850</fadetime>
			<include>fadeinout</include>
			<visible allowhiddenfocus="true">!Skin.HasSetting(slideshow.fanart) + [!Skin.HasSetting(slideshow.custom2) | IsEmpty(Skin.String(slideshow.custom.path))] + !Skin.HasSetting(wallpaper.original) + ![Player.HasVideo + Skin.HasSetting(backgroundvideo)] + IsEmpty(Skin.String(fanart.system.image)) + IsEmpty(Skin.String(fanart.system.path)) + [Container(9000).HasFocus(15) | Container(9000).HasFocus(16)]</visible>
		</control>
		<!-- favourites fanart --->
		<control type="image">
			<include>screen_Dimensions</include>
			<texture>$INFO[Skin.String(fanart.favourites.image)]</texture>
			<aspectratio>scale</aspectratio>
			<fadetime>850</fadetime>
			<include>fadeinout</include>
			<visible allowhiddenfocus="true">!Skin.HasSetting(slideshow.fanart) + [!Skin.HasSetting(slideshow.custom2) | IsEmpty(Skin.String(slideshow.custom.path))] + !Skin.HasSetting(wallpaper.original) + ![Player.HasVideo + Skin.HasSetting(backgroundvideo)] + !Skin.HasSetting(fanart.favourites.image) + Container(9000).HasFocus(18)</visible>
		</control>
		<control type="multiimage" id="1">
			<include>screen_Dimensions</include>
			<aspectratio>stretch</aspectratio>
			<imagepath background="true">$INFO[Skin.String(fanart.favourites.path)]</imagepath>
			<timeperimage>slideshow_Timer</timeperimage>
			<fadetime>200</fadetime>
			<randomize>true</randomize>
			<loop>yes</loop>
			<include>fadeinout</include>
			<visible allowhiddenfocus="true">!Skin.HasSetting(slideshow.fanart) + [!Skin.HasSetting(slideshow.custom2) | IsEmpty(Skin.String(slideshow.custom.path))] + !Skin.HasSetting(wallpaper.original) + ![Player.HasVideo + Skin.HasSetting(backgroundvideo)] + !Skin.HasSetting(fanart.favourites) + Container(9000).HasFocus(18)</visible>
		</control>
		<control type="image">
			<include>screen_Dimensions</include>
			<texture background="true">special://skin/backgrounds/favourites.jpg</texture>
			<aspectratio>scale</aspectratio>
			<fadetime>850</fadetime>
			<include>fadeinout</include>
			<visible allowhiddenfocus="true">!Skin.HasSetting(slideshow.fanart) + [!Skin.HasSetting(slideshow.custom2) | IsEmpty(Skin.String(slideshow.custom.path))] + !Skin.HasSetting(wallpaper.original) + ![Player.HasVideo + Skin.HasSetting(backgroundvideo)] + IsEmpty(Skin.String(fanart.favourites.image)) + IsEmpty(Skin.String(fanart.favourites.path)) + Container(9000).HasFocus(18)</visible>
		</control>
		<!-- disc fanart --->
		<control type="image">
			<include>screen_Dimensions</include>
			<texture>$INFO[Skin.String(fanart.disc.image)]</texture>
			<aspectratio>scale</aspectratio>
			<fadetime>850</fadetime>
			<include>fadeinout</include>
			<visible allowhiddenfocus="true">!Skin.HasSetting(slideshow.fanart) + [!Skin.HasSetting(slideshow.custom2) | IsEmpty(Skin.String(slideshow.custom.path))] + !Skin.HasSetting(wallpaper.original) + ![Player.HasVideo + Skin.HasSetting(backgroundvideo)] + !Skin.HasSetting(fanart.disc.image) + Container(9000).HasFocus(19)</visible>
		</control>
		<control type="multiimage" id="1">
			<include>screen_Dimensions</include>
			<aspectratio>stretch</aspectratio>
			<imagepath background="true">$INFO[Skin.String(fanart.disc.path)]</imagepath>
			<timeperimage>slideshow_Timer</timeperimage>
			<fadetime>200</fadetime>
			<randomize>true</randomize>
			<loop>yes</loop>
			<include>fadeinout</include>
			<visible allowhiddenfocus="true">!Skin.HasSetting(slideshow.fanart) + [!Skin.HasSetting(slideshow.custom2) | IsEmpty(Skin.String(slideshow.custom.path))] + !Skin.HasSetting(wallpaper.original) + ![Player.HasVideo + Skin.HasSetting(backgroundvideo)] + !Skin.HasSetting(fanart.disc) + Container(9000).HasFocus(19)</visible>
		</control>
		<control type="image">
			<include>screen_Dimensions</include>
			<texture background="true">special://skin/backgrounds/disc.jpg</texture>
			<aspectratio>scale</aspectratio>
			<fadetime>850</fadetime>
			<include>fadeinout</include>
			<visible allowhiddenfocus="true">!Skin.HasSetting(slideshow.fanart) + [!Skin.HasSetting(slideshow.custom2) | IsEmpty(Skin.String(slideshow.custom.path))] + !Skin.HasSetting(wallpaper.original) + ![Player.HasVideo + Skin.HasSetting(backgroundvideo)] + IsEmpty(Skin.String(fanart.disc.image)) + IsEmpty(Skin.String(fanart.disc.path)) + Container(9000).HasFocus(19)</visible>
		</control>
	<!-- now playing fanart --->
		<control type="image">
			<include>screen_Dimensions</include>
			<texture>$INFO[MusicPlayer.Property(Fanart_Image)]</texture>
			<aspectratio>scale</aspectratio>
			<fadetime>850</fadetime>
			<include>fadeinout</include>
			<visible allowhiddenfocus="true">Container(9000).HasFocus(21)</visible>
		</control>
	<!--menu shade-->
		<control type="image">
			<include>screen_Dimensions</include>
			<texture>home/menuBackground.png</texture>
			<aspectratio align="left">stretch</aspectratio>
			<include>fadeinout</include>
			<visible>!Skin.HasSetting(home.menushade) + [[Skin.HasSetting(wallpaper.original) + ![Player.HasVideo + Skin.HasSetting(backgroundvideo)]] | ![Control.HasFocus(8001) | Control.HasFocus(8000) | Control.HasFocus(8002) | Control.HasFocus(8005) | [Control.HasFocus(8006) | Control.HasFocus(8007)] | [Control.HasFocus(8008) | Control.HasFocus(8009)]]]</visible>
		</control>
		<control type="image">
			<include>screen_Dimensions</include>
			<texture>home/menuBackground.png</texture>
			<aspectratio align="left">stretch</aspectratio>
			<include>fadeinout</include>
			<visible>Skin.HasSetting(home.menushade) + Player.HasVideo + Skin.HasSetting(backgroundvideo)</visible>
			</control>
	<!--vignette home-->
		<control type="image">
			<include>screen_Dimensions</include>
			<texture background="true">overlays/vignette.png</texture>
			<visible>Skin.HasSetting(home.vignette) + ![Player.HasVideo + Skin.HasSetting(backgroundvideo)] + ![Container(9000).HasFocus(17) + Skin.HasSetting(home.widgets)] + ![Skin.HasSetting(home.widgets) + Container(9000).HasFocus(5)] + ![Skin.HasSetting(home.widgets) + Container(9000).HasFocus(6)] + ![Skin.HasSetting(home.widgets) + Container(9000).HasFocus(3)] + ![Skin.HasSetting(home.widgets) + Container(9000).HasFocus(4)] + ![Skin.HasSetting(home.widgets) + Container(9000).HasFocus(9)] + ![Skin.HasSetting(home.widgets) + Container(9000).HasFocus(10)] + ![Skin.HasSetting(home.widgets) + Container(9000).HasFocus(13)] + ![Skin.HasSetting(home.widgets) + Container(9000).HasFocus(14)]</visible>
			<include>transition_Toast</include>
		</control>
	<include>HomeWidgets</include>
	<!--search home-->
		<control type="group" id="6101">
			<posx>40</posx>
			<posy>20</posy>
			<include>transition_Indicator</include>
			<control type="image">
				<width>48</width>
				<height>48</height>
				<texture>navigation/left.png</texture>
				<colordiffuse>Color1</colordiffuse>
				<shadowcolor>black</shadowcolor>
				<animation type="WindowOpen" condition="!Skin.HasSetting(home.widgets.noanimations)">
					<effect type="fade" tween="Quadratic" easing="Out" start="0" end="100" time="1250"/>
					<effect type="slide" tween="Quadratic" easing="Out" start="250" end="-10" time="3000"/>
				</animation>
				<visible>!Skin.HasSetting(home.widgets.noanimations) + ![Window.IsActive(extendedprogressdialog) | Window.IsActive(musicscan) | Window.IsActive(infodialog)] + !Window.IsActive(virtualkeyboard) + !Window.IsActive(favourites) + ![Control.HasFocus(1110) | Control.HasFocus(1120) | Control.HasFocus(1130) | Control.HasFocus(1140) | Control.HasFocus(1150) | Control.HasFocus(1160) | Control.HasFocus(1170) | Control.HasFocus(1180) | Control.HasFocus(1200) | Control.HasFocus(1210)] + ![Control.HasFocus(8001) | Control.HasFocus(8000) | Control.HasFocus(8002) | Control.HasFocus(8005) | [Control.HasFocus(8006) | Control.HasFocus(8007)] | [Control.HasFocus(8008) | Control.HasFocus(8009)]]</visible>
			</control>
			<control type="label">
				<posx>55</posx>
				<height>37</height>
				<width>450</width>
				<label>[LOWERCASE]$LOCALIZE[137][/LOWERCASE]</label>
				<align>left</align>
				<aligny>center</aligny>
				<font>title</font>
				<textcolor>Color3</textcolor>
				<shadowcolor>black</shadowcolor>
				<animation type="WindowOpen">
					<effect type="fade" tween="Quadratic" easing="Out" start="0" end="55" time="3000"/>
					<effect type="fade" tween="Quadratic" easing="Out" start="55" end="0" time="7700" delay="3000"/>
				</animation>					
				<visible>!Skin.HasSetting(home.widgets.noanimations) + ![Window.IsActive(extendedprogressdialog) | Window.IsActive(musicscan) | Window.IsActive(infodialog)] + !Window.IsActive(virtualkeyboard) + !Window.IsActive(favourites) + ![Control.HasFocus(1110) | Control.HasFocus(1120) | Control.HasFocus(1130) | Control.HasFocus(1140) | Control.HasFocus(1150) | Control.HasFocus(1160) | Control.HasFocus(1170) | Control.HasFocus(1180) | Control.HasFocus(1200) | Control.HasFocus(1210)] + ![Control.HasFocus(8001) | Control.HasFocus(8000) | Control.HasFocus(8002) | Control.HasFocus(8005) | [Control.HasFocus(8006) | Control.HasFocus(8007)] | [Control.HasFocus(8008) | Control.HasFocus(8009)]]</visible>
			</control>	
		</control>-->
	<!--toast overlay-->
		<control type="image" id="1">
			<include>screen_Dimensions</include>
			<texture border="16">overlays/vignette.png</texture>
			<include>transition_Toast</include>
			<visible>Window.IsActive(extendedprogressdialog) | Window.IsActive(infodialog)</visible>
		</control>
	<!--time-->
		<control type="group">
			<include>home_Clock</include>
			<include>fadeinout</include>
			<include>toggle_ToastMute</include>
			<visible>!Skin.HasSetting(home.timesmall) + Skin.HasSetting(home.time) + ![Window.IsActive(extendedprogressdialog) | Window.IsActive(infodialog)]</visible>
		</control>	
		<control type="group">
			<include>home_Clock_Small</include>
			<include>fadeinout</include>
			<include>toggle_ToastMute</include>
			<visible>Skin.HasSetting(home.timesmall) + Skin.HasSetting(home.time) + ![Window.IsActive(extendedprogressdialog) | Window.IsActive(infodialog)]</visible>
		</control>
	<!--menu-->
		<include>HomeMenu</include>
		<control type="group" id="6100">
			<posx>20</posx>
			<posy>20</posy>
			<include>transition_Indicator</include>
			<control type="image">
				<width>48</width>
				<height>48</height>
				<texture>navigation/left.png</texture>
				<colordiffuse>Color1</colordiffuse>
				
				<visible>Skin.HasSetting(indicator.enable) + [Control.HasFocus(1110) | Control.HasFocus(1120) | Control.HasFocus(1130) | Control.HasFocus(1140) | Control.HasFocus(1150) | Control.HasFocus(1160) | Control.HasFocus(1170) | Control.HasFocus(1180) | Control.HasFocus(1200) | Control.HasFocus(1210)]</visible>
			</control>
		</control>
	<!--rss feed-->
		<control type="group">
			<posy>680</posy>
			<visible>system.getbool(lookandfeel.enablerssfeeds) + !Skin.HasSetting(home.stats)</visible>
			<animation effect="slide" start="0,100" end="0,0" time="250" tween="Quadratic" easing="Out">WindowOpen</animation>
			<animation effect="slide" start="0,0" end="0,100" time="250" tween="Quadratic" easing="Out">WindowClose</animation>
			<control type="image">
				<width>1281</width>
				<height>52</height>
				<texture border="0">home/homeRSS.png</texture>
			</control>	
			<control type="rss" id="1">
				<posy>10</posy>
				<width>screen_Width</width>
				<font>rss</font>
				<urlset>1</urlset>
				<height>32</height>
				<aligny>center</aligny>
				<textcolor>Color1</textcolor>
				<titlecolor>Color2</titlecolor>
				<headlinecolor>Color1</headlinecolor>
				<highlightcolor>Focused</highlightcolor>
				<include>fadeinout</include>
			</control>
		</control>
	<!--stats-->	
		<control type="group">
			<posy>684</posy>
			<visible>Skin.HasSetting(home.stats)</visible>
			<animation effect="slide" start="0,100" end="0,0" time="250" tween="Quadratic" easing="Out">WindowOpen</animation>
			<animation effect="slide" start="0,0" end="0,100" time="250" tween="Quadratic" easing="Out">WindowClose</animation>
			<control type="image">
				<width>1281</width>
				<height>52</height>
				<texture border="0">home/homeRSS.png</texture>
			</control>
			<control type="fadelabel">
				<posy>10</posy>
				<label>[COLOR=Color1]$INFO[Window.Property(Movies.Count)] $LOCALIZE[20342][/COLOR]  $INFO[Window.Property(Movies.UnWatched)] $LOCALIZE[16101] • [COLOR=Color1]$INFO[Window.Property(Episodes.Count)] $LOCALIZE[20360][/COLOR]  $INFO[Window.Property(Episodes.UnWatched)] $LOCALIZE[16101] • [COLOR=Color1]$INFO[Window.Property(Music.ArtistsCount)] $LOCALIZE[133][/COLOR] $INFO[Window.Property(Music.AlbumsCount)] $LOCALIZE[132] $INFO[Window.Property(Music.SongsCount)] $LOCALIZE[134]</label>
				<include>home_statuslabel</include>
				<visible>![Library.HasContent(movies) + [Container(9000).HasFocus(3) | Container(9000).HasFocus(4)] | Library.HasContent(tvshows) + [Container(9000).HasFocus(5) | Container(9000).HasFocus(6)] | Library.HasContent(music) + [Container(9000).HasFocus(9) | Container(9000).HasFocus(10) | Container(9000).HasFocus(17) | Container(9000).HasFocus(21) | Container(9000).HasFocus(22)]] + ![[Container(9000).HasFocus(7) | Container(9000).HasFocus(8)] + !IsEmpty(PVR.NextRecordingDateTime)]</visible>
			</control>
			<control type="label">
				<label>$LOCALIZE[31095]: [COLOR=Color1]$INFO[Window.Property(LatestMovie.1.Title),, • ]$INFO[Window.Property(LatestMovie.2.Title),, • ]$INFO[Window.Property(LatestMovie.3.Title),, • ]$INFO[Window.Property(LatestMovie.4.Title),, • ]$INFO[Window.Property(LatestMovie.5.Title)][/COLOR]</label>
				<include>home_statuslabel</include>
				<visible>Library.HasContent(movies) + [Container(9000).HasFocus(3) | Container(9000).HasFocus(4)]</visible>
			</control>
			<control type="label">
				<label>$LOCALIZE[31094]: [COLOR=Color1]$INFO[Window.Property(LatestEpisode.1.ShowTitle),,: ]$INFO[Window.Property(LatestEpisode.1.EpisodeTitle),, • ]$INFO[Window.Property(LatestEpisode.2.ShowTitle),,: ]$INFO[Window.Property(LatestEpisode.2.EpisodeTitle),, • ]$INFO[Window.Property(LatestEpisode.3.ShowTitle),,: ]$INFO[Window.Property(LatestEpisode.3.EpisodeTitle)][/COLOR]</label>
				<include>home_statuslabel</include>
				<visible>Library.HasContent(tvshows) + [Container(9000).HasFocus(5) | Container(9000).HasFocus(6)]</visible>
			</control>
			<control type="label">
				<label>$LOCALIZE[19157]: [COLOR=Color1]$INFO[PVR.NextRecordingTitle], $INFO[PVR.NextRecordingDateTime] - $INFO[PVR.NextRecordingChannel][/COLOR]</label>
				<include>home_statuslabel</include>
				<visible>[Container(9000).HasFocus(7) | Container(9000).HasFocus(8)] + !IsEmpty(PVR.NextRecordingDateTime)</visible>
			</control>
			<control type="label">
				<label>$LOCALIZE[31096]: [COLOR=Color1]$INFO[Window.Property(LatestAlbum.1.Title),, • ]$INFO[Window.Property(LatestAlbum.2.Title),, • ]$INFO[Window.Property(LatestAlbum.3.Title),, • ]$INFO[Window.Property(LatestAlbum.4.Title),, • ]$INFO[Window.Property(LatestAlbum.5.Title)][/COLOR]</label>
				<include>home_statuslabel</include>
				<visible>Library.HasContent(music) + [Container(9000).HasFocus(9) | Container(9000).HasFocus(10)]</visible>
			</control>
			<control type="label">
				<label>$LOCALIZE[31965]: [COLOR=Color1]$INFO[Weather.Conditions], $INFO[Weather.Temperature][/COLOR] \95 $LOCALIZE[402]: [COLOR=Color1]$INFO[Window(Weather).Property(Current.FeelsLike)]$INFO[System.TemperatureUnits][/COLOR] \95 $LOCALIZE[406]: [COLOR=Color1]$INFO[Window(Weather).Property(Current.Humidity)][/COLOR] \95 $LOCALIZE[404]: [COLOR=Color1]$INFO[Window(Weather).Property(Current.Wind)][/COLOR]</label>
				<include>home_statuslabel</include>
				<visible>Container(9000).HasFocus(17)</visible>
			</control>
			<control type="label">
				<label>[COLOR=Color1]$INFO[MusicPlayer.Title]$INFO[MusicPlayer.Artist,[COLOR=Color2] $LOCALIZE[31106][/COLOR] ][/COLOR]</label>
				<include>home_statuslabel</include>
				<visible>Container(9000).HasFocus(21)</visible>
			</control>
			<control type="label">
				<label>[COLOR=Color1]$INFO[VideoPlayer.Title][/COLOR]$INFO[VideoPlayer.Genre, • ]</label>
				<include>home_statuslabel</include>
				<visible>Container(9000).HasFocus(22) + VideoPlayer.Content(movies)</visible>
			</control>
			<control type="label">
				<label>[COLOR=Color1]$INFO[VideoPlayer.TVShowTitle,,: ][/COLOR]$INFO[VideoPlayer.Title]$INFO[VideoPlayer.Season, • $LOCALIZE[20373] , - ]$INFO[VideoPlayer.Episode,$LOCALIZE[20359] ]</label>
				<include>home_statuslabel</include>
				<visible>Container(9000).HasFocus(22) + VideoPlayer.Content(episodes)</visible>
			</control>
			<control type="label">
				<label>[COLOR=Color1]$INFO[VideoPlayer.Title][/COLOR] $LOCALIZE[31106] [COLOR=Color1]$INFO[VideoPlayer.Artist][/COLOR]</label>
				<include>home_statuslabel</include>
				<visible>Container(9000).HasFocus(22) + VideoPlayer.Content(musicvideos)</visible>
			</control>
			<control type="label">
				<label>[COLOR=Color1]$INFO[VideoPlayer.Title][/COLOR]</label>
				<include>home_statuslabel</include>
				<visible>Container(9000).HasFocus(22) + VideoPlayer.Content(files)</visible>
			</control>
		</control>
		<!--  CURRENTLY REMOVED
		<control type="group">
			<include>fadeinout</include>
			<control type="button" id="888">
				<posx>1205</posx>
				<posy>331</posy>
				<label>-</label>
				<width>56</width>
				<height>56</height>
				<texturenofocus>home/search.png</texturenofocus>
				<texturefocus>home/search-focus.png</texturefocus>
				<onleft>9000</onleft>
				<onright>-</onright>
				<onup>9000</onup>
				<ondown>9000</ondown>
				<onclick>ActivateWindow(64)</onclick>
				<visible>Skin.HasSetting(home.search) + !Skin.HasSetting(search.addon) + !Skin.HasSetting(home.widgets)</visible>
			</control>
			<control type="button" id="888">
				<posx>1205</posx>
				<posy>331</posy>
				<label>-</label>
				<width>56</width>
				<height>56</height>
				<texturenofocus>home/search.png</texturenofocus>
				<texturefocus>home/search-focus.png</texturefocus>
				<onleft>9000</onleft>
				<onright>-</onright>
				<onup>9000</onup>
				<ondown>9000</ondown>
				<onclick>RunAddon(script.globalsearch)</onclick>
				<visible>Skin.HasSetting(home.search) + Skin.HasSetting(search.addon) + !Skin.HasSetting(home.widgets)</visible>
			</control>
		</control>-->
	</controls>
</window>
