<includes>
	<include name="HomeMenu">
		<control type="list" id="9000">
			<posy>20</posy>
			<width>1000</width>
			<height>700</height>
			<onup>9000</onup>
			<ondown>9000</ondown>
			<onright>8004</onright>
			<onleft>RunAddon(script.globalsearch)</onleft>
			<orientation>vertical</orientation>
			<scrolltime tween="Cubic" easing="Out">400</scrolltime>
			<visible allowhiddenfocus="true">![ControlGroup(1100).HasFocus() | ControlGroup(4000).HasFocus() | ControlGroup(2100).HasFocus()]</visible>	
			<include>transition_HomeMenu</include>
			<include>homeMenusLayout</include>
			<content>
				<!--videos-->
				<item id="1">
					<label>$LOCALIZE[3]</label>
					<onclick>SetFocus(1110)</onclick>
					<visible>!Skin.HasSetting(homemenu.videos) + ![IsEmpty(Skin.String(videomenu.playlist1.path)) + IsEmpty(Skin.String(videomenu.playlist2.path)) + IsEmpty(Skin.String(videomenu.playlist4.path)) + IsEmpty(Skin.String(videomenu.playlist4.path)) + IsEmpty(Skin.String(videomenu.playlist5.path)) + IsEmpty(Skin.String(videomenu.playlist6.path)) + IsEmpty(Skin.String(videomenu.playlist7.path)) + IsEmpty(Skin.String(videomenu.playlist8.path))+ IsEmpty(Skin.String(CustomVideo.1.Path)) + IsEmpty(Skin.String(CustomVideo.2.Path)) + IsEmpty(Skin.String(CustomVideo.3.Path)) + IsEmpty(Skin.String(CustomVideo.4.Path)) + IsEmpty(Skin.String(CustomVideo.5.Path)) + IsEmpty(Skin.String(CustomVideo.6.Path)) + IsEmpty(Skin.String(CustomVideo.7.Path)) + IsEmpty(Skin.String(CustomVideo.8.Path)) + Skin.HasSetting(videomenu.addons) + Skin.HasSetting(videomenu.videoplaylists)]</visible>
				</item>
				<item id="2">
					<label>$LOCALIZE[3]</label>
					<onclick>ActivateWindow(Videos,Files)</onclick>
					<visible>!Skin.HasSetting(backspacehome.enable) + !Skin.HasSetting(homemenu.videos) + IsEmpty(Skin.String(videomenu.playlist1.path)) + IsEmpty(Skin.String(videomenu.playlist2.path)) + IsEmpty(Skin.String(videomenu.playlist4.path)) + IsEmpty(Skin.String(videomenu.playlist4.path)) + IsEmpty(Skin.String(videomenu.playlist5.path)) + IsEmpty(Skin.String(videomenu.playlist6.path)) + IsEmpty(Skin.String(videomenu.playlist7.path)) + IsEmpty(Skin.String(videomenu.playlist8.path)) + IsEmpty(Skin.String(CustomVideo.1.Path)) + IsEmpty(Skin.String(CustomVideo.2.Path)) + IsEmpty(Skin.String(CustomVideo.3.Path)) + IsEmpty(Skin.String(CustomVideo.4.Path)) + IsEmpty(Skin.String(CustomVideo.5.Path)) + IsEmpty(Skin.String(CustomVideo.6.Path)) + IsEmpty(Skin.String(CustomVideo.7.Path)) + IsEmpty(Skin.String(CustomVideo.8.Path)) + Skin.HasSetting(videomenu.addons) + Skin.HasSetting(videomenu.videoplaylists)</visible>
				</item>
				<item id="2">
					<label>$LOCALIZE[3]</label>
					<onclick>ActivateWindow(Videos,Files,return)</onclick>
					<visible>Skin.HasSetting(backspacehome.enable) + !Skin.HasSetting(homemenu.videos) + IsEmpty(Skin.String(videomenu.playlist1.path)) + IsEmpty(Skin.String(videomenu.playlist2.path)) + IsEmpty(Skin.String(videomenu.playlist4.path)) + IsEmpty(Skin.String(videomenu.playlist4.path)) + IsEmpty(Skin.String(videomenu.playlist5.path)) + IsEmpty(Skin.String(videomenu.playlist6.path)) + IsEmpty(Skin.String(videomenu.playlist7.path)) + IsEmpty(Skin.String(videomenu.playlist8.path)) + IsEmpty(Skin.String(CustomVideo.1.Path)) + IsEmpty(Skin.String(CustomVideo.2.Path)) + IsEmpty(Skin.String(CustomVideo.3.Path)) + IsEmpty(Skin.String(CustomVideo.4.Path)) + IsEmpty(Skin.String(CustomVideo.5.Path)) + IsEmpty(Skin.String(CustomVideo.6.Path)) + IsEmpty(Skin.String(CustomVideo.7.Path)) + IsEmpty(Skin.String(CustomVideo.8.Path)) + Skin.HasSetting(videomenu.addons) + Skin.HasSetting(videomenu.videoplaylists)</visible>
				</item>
				<!-- MOVIE SETS 
					<item id="523">
						<label>$LOCALIZE[31993]</label>
						<label2>-</label2>
						<onclick>ActivateWindow(10025,videodb://1/7/,return)</onclick>
						<visible>Skin.HasSetting(homemenu.moviesets) + !Library.HasContent(Movies)</visible>
					</item>
					<item id="523">
						<label>$LOCALIZE[31993]</label>
						<label2>-</label2>
						<onclick>ActivateWindow(10025,videodb://1/7/,return)</onclick>
						<visible>!Skin.HasSetting(homemenu.moviesets) + Library.HasContent(Movies)</visible>
					</item>-->
				<!--movies-->
				<item id="3">
					<label>$LOCALIZE[342]</label>
					<onclick>SetFocus(1200)</onclick>
					<visible>Library.HasContent(movies) + !Skin.HasSetting(homemenu.movies) + [Skin.HasSetting(moviesmenu.watchlist) | Skin.HasSetting(moviesmenu.recent) | Skin.HasSetting(moviesmenu.unwatched) | Skin.HasSetting(moviesmenu.inprogress) | Skin.HasSetting(moviesmenu.trailers) | Skin.HasSetting(moviesmenu.genres) | Skin.HasSetting(moviesmenu.years) | Skin.HasSetting(moviesmenu.actors) | Skin.HasSetting(moviesmenu.moviesets) | Skin.HasSetting(moviesmenu.randomgenre) | Skin.HasSetting(moviesmenu.randommovie)]</visible>
				</item>
				<item id="4">
					<label>$LOCALIZE[342]</label>
					<onclick>ActivateWindow(MyVideoLibrary,movietitles)</onclick>
					<visible>!Skin.HasSetting(backspacehome.enable) + Library.HasContent(movies) + !Skin.HasSetting(homemenu.movies) + ![Skin.HasSetting(moviesmenu.watchlist) | Skin.HasSetting(moviesmenu.recent) | Skin.HasSetting(moviesmenu.unwatched) | Skin.HasSetting(moviesmenu.inprogress) | Skin.HasSetting(moviesmenu.trailers) | Skin.HasSetting(moviesmenu.genres) | Skin.HasSetting(moviesmenu.years) | Skin.HasSetting(moviesmenu.actors) | Skin.HasSetting(moviesmenu.moviesets) | Skin.HasSetting(moviesmenu.randomgenre) | Skin.HasSetting(moviesmenu.randommovie)]</visible>
				</item>
				<item id="4">
					<label>$LOCALIZE[342]</label>
					<onclick>ActivateWindow(MyVideoLibrary,movietitles,return)</onclick>
					<visible>Skin.HasSetting(backspacehome.enable) + Library.HasContent(movies) + !Skin.HasSetting(homemenu.movies) + ![Skin.HasSetting(moviesmenu.watchlist) | Skin.HasSetting(moviesmenu.recent) | Skin.HasSetting(moviesmenu.unwatched) | Skin.HasSetting(moviesmenu.inprogress) | Skin.HasSetting(moviesmenu.trailers) | Skin.HasSetting(moviesmenu.genres) | Skin.HasSetting(moviesmenu.years) | Skin.HasSetting(moviesmenu.actors) | Skin.HasSetting(moviesmenu.moviesets) | Skin.HasSetting(moviesmenu.randomgenre) | Skin.HasSetting(moviesmenu.randommovie)]</visible>
				</item>
				<!--tv shows-->
				<item id="5">
					<label>$LOCALIZE[20343]</label>
					<onclick>SetFocus(1210)</onclick>
					<visible>![[Control.HasFocus(8008) + Skin.HasSetting(home.widgets) + Skin.HasSetting(home.widgets.watchlistrecent) + Skin.HasSetting(home.widgets.recentpostersdouble)] | Control.HasFocus(8009) + Skin.HasSetting(home.widgets) + Skin.HasSetting(home.widgets.watchlistrecent) + Skin.HasSetting(home.widgets.watchlistpostersdouble) + Skin.HasSetting(home.widgets.recentpostersdouble)]] + Library.HasContent(tvshows) + !Skin.HasSetting(homemenu.tvshows) + [Skin.HasSetting(tvshowsmenu.watchlist) | Skin.HasSetting(tvshowsmenu.recent) | Skin.HasSetting(tvshowsmenu.unwatched) | Skin.HasSetting(tvshowsmenu.inprogress) | Skin.HasSetting(tvshowsmenu.genres) | Skin.HasSetting(tvshowsmenu.years) | Skin.HasSetting(tvshowsmenu.actors) | Skin.HasSetting(tvshowsmenu.guide)]</visible>
				</item>
				<item id="6">
					<label>$LOCALIZE[20343]</label>
					<onclick>ActivateWindow(MyVideoLibrary,tvshowtitles)</onclick>
					<visible>![[Control.HasFocus(8008) + Skin.HasSetting(home.widgets) + Skin.HasSetting(home.widgets.watchlistrecent) + Skin.HasSetting(home.widgets.recentpostersdouble)] | Control.HasFocus(8009) + Skin.HasSetting(home.widgets) + Skin.HasSetting(home.widgets.watchlistrecent) + Skin.HasSetting(home.widgets.watchlistpostersdouble + Skin.HasSetting(home.widgets.recentpostersdouble)]]) + !Skin.HasSetting(backspacehome.enable) + Library.HasContent(tvshows) + !Skin.HasSetting(homemenu.tvshows) + ![Skin.HasSetting(tvshowsmenu.watchlist) | Skin.HasSetting(tvshowsmenu.recent) | Skin.HasSetting(tvshowsmenu.unwatched) | Skin.HasSetting(tvshowsmenu.inprogress) | Skin.HasSetting(tvshowsmenu.genres) | Skin.HasSetting(tvshowsmenu.years) | Skin.HasSetting(tvshowsmenu.actors) | Skin.HasSetting(tvshowsmenu.guide)]</visible>
				</item>
				<item id="6">
					<label>$LOCALIZE[20343]</label>
					<onclick>ActivateWindow(MyVideoLibrary,tvshowtitles,return)</onclick>
					<visible>![[Control.HasFocus(8008) + Skin.HasSetting(home.widgets) + Skin.HasSetting(home.widgets.watchlistrecent) + Skin.HasSetting(home.widgets.recentpostersdouble)] | Control.HasFocus(8009) + Skin.HasSetting(home.widgets) + Skin.HasSetting(home.widgets.watchlistrecent) + Skin.HasSetting(home.widgets.watchlistpostersdouble) + Skin.HasSetting(home.widgets.recentpostersdouble)]] + !Skin.HasSetting(homemenu.tvshows) + ![Skin.HasSetting(tvshowsmenu.watchlist) | Skin.HasSetting(tvshowsmenu.recent) | Skin.HasSetting(tvshowsmenu.unwatched) | Skin.HasSetting(tvshowsmenu.inprogress) | Skin.HasSetting(tvshowsmenu.genres) | Skin.HasSetting(tvshowsmenu.years) | Skin.HasSetting(tvshowsmenu.actors) | Skin.HasSetting(tvshowsmenu.guide)]</visible>
				</item>
				<item id="6">
					<label>$LOCALIZE[32051]</label>
					<onclick>ActivateWindow(MyVideoLibrary,tvshowtitles,return)</onclick>
					<visible>Control.HasFocus(8008) + Skin.HasSetting(home.widgets) + Skin.HasSetting(home.widgets.watchlistrecent) + Skin.HasSetting(home.widgets.recentpostersdouble)</visible>
				</item>
				<item id="6">
					<label>$LOCALIZE[32052]</label>
					<onclick>ActivateWindow(MyVideoLibrary,tvshowtitles,return)</onclick>
					<visible>Control.HasFocus(8009) + Skin.HasSetting(home.widgets) + Skin.HasSetting(home.widgets.watchlistrecent) + Skin.HasSetting(home.widgets.watchlistpostersdouble) + Skin.HasSetting(home.widgets.recentpostersdouble)</visible>
				</item>
				<!--live tv-->
				<item id="7">
					<label>$LOCALIZE[31090]</label>
					<onclick>SetFocus(1120)</onclick>
					<visible>System.GetBool(pvrmanager.enabled) + !Skin.HasSetting(homemenu.livetv) + [Skin.HasSetting(tvmenu.channels) | Skin.HasSetting(tvmenu.guide) | Skin.HasSetting(tvmenu.recordings) | Skin.HasSetting(tvmenu.timers)]</visible>
				</item>
				<item id="8">
					<label>$LOCALIZE[31090]</label>
					<onclick>ActivateWindow(PVR)</onclick>
					<visible>System.GetBool(pvrmanager.enabled) + !Skin.HasSetting(homemenu.livetv) + ![Skin.HasSetting(tvmenu.channels) | Skin.HasSetting(tvmenu.guide) | Skin.HasSetting(tvmenu.recordings) | Skin.HasSetting(tvmenu.timers)]</visible>
				</item>
				<!--music-->
				<item id="9">
					<label>$LOCALIZE[2]</label>
					<onclick>SetFocus(1130)</onclick>
					<visible>!Skin.HasSetting(homemenu.music) + [Skin.HasSetting(musicmenu.recent) | Skin.HasSetting(musicmenu.artists) | Skin.HasSetting(musicmenu.played) | Skin.HasSetting(musicmenu.genres) | Skin.HasSetting(musicmenu.addons) | Skin.HasSetting(musicmenu.playlists) | Skin.HasSetting(musicmenu.partymode) | Skin.HasSetting(musicmenu.lastfm) | Skin.HasSetting(musicmenu.videos) | !IsEmpty(Skin.String(musicmenu.playlist1.path)) | !IsEmpty(Skin.String(CustomMusic.1.Path))]</visible>
				</item>
				<item id="10">
					<label>$LOCALIZE[2]</label>
					<onclick>ActivateWindow(MyMusicLibrary)</onclick>
					<visible>!Skin.HasSetting(homemenu.music) + ![Skin.HasSetting(musicmenu.recent) | Skin.HasSetting(musicmenu.artists) | Skin.HasSetting(musicmenu.played) | Skin.HasSetting(musicmenu.genres) | Skin.HasSetting(musicmenu.addons) | Skin.HasSetting(musicmenu.playlists) | Skin.HasSetting(musicmenu.partymode) | Skin.HasSetting(musicmenu.lastfm) | Skin.HasSetting(musicmenu.videos) | !IsEmpty(Skin.String(musicmenu.playlist1.path)) | !IsEmpty(Skin.String(CustomMusic.1.Path))]</visible>
				</item>
				<!--pictures-->
				<item id="11">
					<label>$LOCALIZE[1]</label>
					<onclick>SetFocus(1140)</onclick>
					<visible>!Skin.HasSetting(homemenu.pictures) + Skin.HasSetting(picturesmenu.addons)</visible>
				</item>
				<item id="12">
					<label>$LOCALIZE[1]</label>
					<onclick>ActivateWindow(2)</onclick>
					<visible>!Skin.HasSetting(homemenu.pictures) + !Skin.HasSetting(picturesmenu.addons)</visible>
				</item>
				<!--addons-->
				<item id="13">
					<label>$LOCALIZE[24001]</label>
					<onclick>SetFocus(1150)</onclick>
					<visible>!Skin.HasSetting(homemenu.addons) + [Skin.HasSetting(addonsmenu.updates) | Skin.HasSetting(addonsmenu.programs) | !IsEmpty(Skin.String(addonsmenu.addon1.label)) | !IsEmpty(Skin.String(addonsmenu.addon1.label)) | !IsEmpty(Skin.String(addonsmenu.addon3.label)) | !IsEmpty(Skin.String(addonsmenu.addon4.label)) | !IsEmpty(Skin.String(addonsmenu.addon5.label)) | !IsEmpty(Skin.String(addonsmenu.addon6.label))]</visible>
				</item>
				<item id="14">
					<label>$LOCALIZE[24001]</label>
					<onclick>ActivateWindow(addonbrowser,addons://all/)</onclick>
					<visible>!Skin.HasSetting(homemenu.addons) + ![Skin.HasSetting(addonsmenu.updates) | Skin.HasSetting(addonsmenu.programs) | !IsEmpty(Skin.String(addonsmenu.addon1.label)) | !IsEmpty(Skin.String(addonsmenu.addon2.label)) | !IsEmpty(Skin.String(addonsmenu.addon3.label)) | !IsEmpty(Skin.String(addonsmenu.addon4.label)) | !IsEmpty(Skin.String(addonsmenu.addon5.label)) | !IsEmpty(Skin.String(addonsmenu.addon6.label))]</visible>
				</item>
				<!--system-->
				<item id="15">
					<label>$LOCALIZE[13000]</label>
					<onclick>SetFocus(1160)</onclick>
					<visible>[Skin.HasSetting(systemmenu.info) | Skin.HasSetting(systemmenu.filemanager) | Skin.HasSetting(systemmenu.exit)]</visible>
				</item>
				<item id="16">
					<label>$LOCALIZE[5]</label>
					<onclick>ActivateWindow(settings)</onclick>
					<visible>![Skin.HasSetting(systemmenu.info) | Skin.HasSetting(systemmenu.filemanager) | Skin.HasSetting(systemmenu.exit)]</visible>
				</item>
				<!--weather-->
				<item id="17">
					<!--<label>$LOCALIZE[8]</label>-->
					<label>$LOCALIZE[8]</label>
					<onclick>ActivateWindow(weather)</onclick>
					
					<visible>!Skin.HasSetting(homemenu.weather) + Weather.IsFetched + [[Control.HasFocus(8000) | Control.HasFocus(8001) | Control.HasFocus(8002) | Control.HasFocus(8005) | Control.HasFocus(8006) | Control.HasFocus(8007) | Control.HasFocus(8008) | Control.HasFocus(8009)] | [[Container(9000).HasFocus(5) | Container(9000).HasFocus(6) | Container(9000).HasFocus(3) | Container(9000).HasFocus(4) | Container(9000).HasFocus(9) | Container(9000).HasFocus(10) | Container(9000).HasFocus(13) | Container(9000).HasFocus(14) | Container(9000).HasFocus(17)]] + Skin.HasSetting(home.widgets)]]</visible>
				</item>				
				<item id="17">
					<!--<label>$LOCALIZE[8]</label>-->
					<label>$INFO[Weather.Temperature]$INFO[Window(Weather).Property(Location), in ,]</label>
					<onclick>ActivateWindow(weather)</onclick>
					
					<visible>!Skin.HasSetting(homemenu.weather) + Weather.IsFetched + [[![Control.HasFocus(8000) | Control.HasFocus(8001) | Control.HasFocus(8002) | Control.HasFocus(8005) | Control.HasFocus(8006) | Control.HasFocus(8007) | Control.HasFocus(8008) | Control.HasFocus(8009)] + [![Container(9000).HasFocus(5) | Container(9000).HasFocus(6) | Container(9000).HasFocus(3) | Container(9000).HasFocus(4) | Container(9000).HasFocus(9) | Container(9000).HasFocus(10) | Container(9000).HasFocus(13) | Container(9000).HasFocus(14) | Container(9000).HasFocus(17)] + Skin.HasSetting(home.widgets)]] | !Skin.HasSetting(home.widgets)]</visible>
				</item>
				
				<!--favourites-->
				<item id="18">
					<label>$LOCALIZE[1036]</label>
					<onclick>ActivateWindow(Favourites)</onclick>
					<visible>!Skin.HasSetting(homemenu.favourites)</visible>
				</item>
				<!--disc-->
				<item id="19">
					<label>$LOCALIZE[427]</label>
					<onclick>SetFocus(1180)</onclick>
					<visible>System.HasMediadvd + !Skin.HasSetting(homemenu.disc) + !Player.HasAudio +!Player.HasVideo</visible>
				</item>
				<item id="21">
					<label>31051</label>
					<onclick>ActivateWindow(musicplaylist)</onclick>
					<!--<label2>$INFO[MusicPlayer.Artist]-$INFO[MusicPlayer.Title]</label2>-->
					<visible>!Skin.HasSetting(homemenu.playing) + Player.HasAudio</visible>
				</item>
				<item id="22">
					<label>31051</label>
					<onclick>ActivateWindow(videoplaylist)</onclick>
					<visible>!Skin.HasSetting(homemenu.playing) + Player.HasVideo + Skin.HasSetting(home.backgroundvideo)]</visible>
					<!--<label2>$INFO[VideoPlayer.TVShowTitle,,: ]$INFO[VideoPlayer.Artist,, - ]$INFO[VideoPlayer.Title]</label2>-->
				</item>
				<item id="23">
					<label>$INFO[VideoPlayer.TVShowTitle,,: ]$INFO[VideoPlayer.Artist,, - ]$INFO[VideoPlayer.Title]</label>
					<onclick>ActivateWindow(videoplaylist)</onclick>
					<visible>!Skin.HasSetting(homemenu.playing) + Player.HasVideo + !Skin.HasSetting(home.backgroundvideo)]</visible>
					<!--<label2>$INFO[VideoPlayer.TVShowTitle,,: ]$INFO[VideoPlayer.Artist,, - ]$INFO[VideoPlayer.Title]</label2>-->
				</item>
			</content>
		</control>
		<include>homeSubMenu</include>
		<!--
		<control type="fixedlist" id="6000">
			<posx>-240</posx>
			<posy>0</posy>
			<width>600</width>
			<height>720</height>
			<visible>true</visible>
			<onup>6000</onup>
			<ondown>6000</ondown>
			<onleft>1</onleft>
			<onright>9000</onright>
			<orientation>vertical</orientation>
			<pagecontrol>25</pagecontrol>
			<scrolltime>200</scrolltime>
			<focusposition>1</focusposition>
			<animation effect="slide" start="0" end="240" time="200" tween="cubic" easing="in" condition="Control.HasFocus(6000)">Conditional</animation>
			<itemlayout width="250" height="180">
				<control type="image">
					<posx>7</posx>
					<posy>7</posy>
					<width>250</width>
					<height>141</height>
					<texture>$INFO[ListItem.Icon]</texture>
				</control>
				<control type="label">
					<posx>30</posx>
					<posy>3</posy>
					<width>430</width>
					<height>22</height>
					<font>font13</font>
					<aligny>center</aligny>
					<selectedcolor>green</selectedcolor>
					<align>left</align>
					<info>ListItem.Label</info>
				</control>
				</itemlayout>
			<focusedlayout width="250" height="180">
				<control type="image">
					<width>264</width>
					<height>155</height>
					<texture border="10">views/list-focus-bigAlt.png</texture>
				</control>
				<control type="image">
					<posx>7</posx>
					<posy>7</posy>
					<width>250</width>
					<height>141</height>
					<texture>$INFO[ListItem.Icon]</texture>
				</control>
				<control type="label">
					<posx>30</posx>
					<posy>3</posy>
					<width>430</width>
					<height>22</height>
					<font>font13</font>
					<aligny>center</aligny>
					<selectedcolor>green</selectedcolor>
					<align>left</align>
					<info>ListItem.Label</info>
				</control>
			</focusedlayout>
			<content>
				<item id="1">
					<label>$INFO[Window.Property(LatestMovie.1.Title)]</label>
					<label2></label2>
					<onclick>PlayMedia($INFO[Window.Property(LatestMovie.1.Path)])</onclick>
					<icon>$INFO[Window.Property(LatestMovie.1.Fanart)]</icon>
					<thumb>-</thumb>
				</item>
				<item id="2">
					<label>$INFO[Window.Property(LatestMovie.2.Title)]</label>
					<label2></label2>
					<onclick>PlayMedia($INFO[Window.Property(LatestMovie.2.Path)])</onclick>
					<icon>$INFO[Window.Property(LatestMovie.2.Fanart)]</icon>
					<thumb>-</thumb>
				</item>
				<item id="3">
					<label>$INFO[Window.Property(LatestMovie.3.Title)]</label>
					<label2></label2>
					<onclick>PlayMedia($INFO[Window.Property(LatestMovie.3.Path)])</onclick>
					<icon>$INFO[Window.Property(LatestMovie.3.Fanart)]</icon>
					<thumb>-</thumb>
				</item>
				<item id="4">
					<label>$INFO[Window.Property(LatestMovie.4.Title)]</label>
					<label2></label2>
					<onclick>PlayMedia($INFO[Window.Property(LatestMovie.4.Path)])</onclick>
					<icon>$INFO[Window.Property(LatestMovie.4.Fanart)]</icon>
					<thumb>-</thumb>
				</item>
				<item id="5">
					<label>$INFO[Window.Property(LatestMovie.5.Title)]</label>
					<label2></label2>
					<onclick>PlayMedia($INFO[Window.Property(LatestMovie.5.Path)])</onclick>
					<icon>$INFO[Window.Property(LatestMovie.5.Fanart)]</icon>
					<thumb>-</thumb>
				</item>
				<item id="6">
					<label>$INFO[Window.Property(LatestMovie.6.Title)]</label>
					<label2></label2>
					<onclick>PlayMedia($INFO[Window.Property(LatestMovie.6.Path)])</onclick>
					<icon>$INFO[Window.Property(LatestMovie.6.Fanart)]</icon>
					<thumb>-</thumb>
				</item>
			</content>
		</control>
			-->
	</include>
</includes>
