﻿<includes>
	<include name="menu_Info-video">
		<control type="group">
			<visible>!Skin.HasSetting(global.kiosk)</visible>
			<control type="grouplist" id="6000">
				<posx>-275</posx>
				<posy>20</posy>
				<width>800</width>
				<height>800</height>
				<orientation>vertical</orientation>
				<include>MenuOpen</include>
				<include>transition_Menu</include>
				<visible allowhiddenfocus="true">ControlGroup(6000).HasFocus + !Skin.HasSetting(global.kiosk) + ![Window.IsActive(101) | Window.IsActive(filebrowser)]</visible>
				<control type="group">
					<width>220</width>
					<height>42</height>
					<!--refresh-->
					<control type="button" id="6">
						<label>$LOCALIZE[184]</label>
						<onback>8000</onback>
						<onup>56</onup>
						<ondown>10</ondown>
						<onright>50</onright>
						<include>button_Menu</include>
					</control>
				</control>
				<control type="group">
					<width>220</width>
					<height>42</height>
					<visible>Container.Content(movies) | Container.Content(tvshows)</visible>
					<!--poster-->
					<control type="button" id="10">
						<label>$LOCALIZE[31054]</label>
						<onback>8000</onback>
						<onup>6</onup>
						<ondown>12</ondown>
						<onright>50</onright>
						<include>button_Menu</include>
						<onclick>SetFocus(8000)</onclick>
					</control>
				</control>
				<control type="group">
					<width>220</width>
					<height>42</height>
					<visible>Container.Content(episodes) | Container.Content(musicvideos)</visible>
					<!--thumbnail-->
					<control type="button" id="10">
						<label>$LOCALIZE[31019]</label>
						<onback>8000</onback>
						<onup>6</onup>
						<ondown>12</ondown>
						<onright>50</onright>
						<include>button_Menu</include>
						<onclick>SetFocus(8000)</onclick>
					</control>
				</control>
				<control type="group">
					<width>220</width>
					<height>42</height>
					<visible>Container.Content(movies) | Container.Content(tvshows)</visible>
					<!--fanart-->
					<control type="button" id="12">
						<label>$LOCALIZE[31016]</label>
						<onback>8000</onback>
						<onup>10</onup>
						<ondown>55</ondown>
						<onright>50</onright>
						<include>button_Menu</include>
						<onclick>SetFocus(8000)</onclick>
					</control>
				</control>
				<control type="group">
					<width>220</width>
					<height>42</height>
					<visible>Container.Content(tvshows) + Skin.HasSetting(tvshowlogos.enable)</visible>
					<!--logo-->
					<control type="button" id="55">
						<label>$LOCALIZE[31065]</label>
						<onback>8000</onback>
						<onup>12</onup>
						<ondown>56</ondown>
						<onright>50</onright>
						<include>button_Menu</include>
						<onclick>XBMC.RunScript(script.logo-downloader,mode=solo,logo=logo.png,showname=$INFO[ListItem.TVShowTitle])</onclick>
					</control>
				</control>
				<control type="group">
					<width>220</width>
					<height>42</height>
					<visible>Container.Content(tvshows) + Skin.HasSetting(banners.enable) + Skin.HasSetting(banners.local)</visible>
					<!--banner-->
					<control type="button" id="56">
						<label>$LOCALIZE[31064]</label>
						<onback>8000</onback>
						<onup>55</onup>
						<ondown>6</ondown>
						<onright>50</onright>
						<include>button_Menu</include>
						<onclick>XBMC.RunScript(script.logo-downloader,mode=solo,logo=False,clearart=False,showthumb=False,poster=False,banner=banner.jpg,showname=$INFO[ListItem.TVShowTitle])</onclick>
					</control>
				</control>
			</control>
		</control>
	</include>
	<include name="menu_Info-music">
		<control type="group">
			<visible>!Skin.HasSetting(global.kiosk)</visible>
			<control type="grouplist" id="6000">
				<posx>-275</posx>
				<posy>20</posy>
				<width>800</width>
				<height>800</height>
				<onright>8000</onright>
				<orientation>vertical</orientation>
				<include>MenuOpen</include>
				<visible allowhiddenfocus="true">ControlGroup(6000).HasFocus + !Window.IsActive(101) + !Skin.HasSetting(global.kiosk)</visible>
				<control type="group">
					<width>220</width>
					<height>42</height>
					<control type="button" id="6">
						<label>$LOCALIZE[184]</label>
						<onback>8000</onback>
						<onup>12</onup>
						<ondown>10</ondown>
						<onright>50</onright>
						<include>button_Menu</include>
					</control>
				</control>
				<control type="group">
					<width>220</width>
					<height>42</height>
					<control type="button" id="10">
						<label>$LOCALIZE[31019]</label>
						<onback>8000</onback>
						<onup>6</onup>
						<ondown>12</ondown>
						<onright>50</onright>
						<include>button_Menu</include>
					</control>
				</control>
				<control type="group">
					<width>220</width>
					<height>42</height>
					<visible>Container.Content(artists)</visible>
					<control type="button" id="12">
						<label>$LOCALIZE[31016]</label>
						<onback>8000</onback>
						<onup>10</onup>
						<ondown>6</ondown>
						<onright>50</onright>
						<include>button_Menu</include>
					</control>
				</control>
			</control>
		</control>
	</include>
</includes>