﻿<includes>
	<include name="menu_Files">
		<control type="group" id="6000">
			<visible>!Skin.HasSetting(global.kiosk)</visible>
			<control type="grouplist" id="30">
				<posx>-275</posx>
				<posy>20</posy>
				<visible allowhiddenfocus="true">ControlGroup(6000).HasFocus + !ControlGroup(40).HasFocus + !Window.IsActive(103) + !Skin.HasSetting(global.kiosk)</visible>
				<onright>50</onright>
				<include>MenuOpen</include>
				<include>transition_Menu</include>
				<include>toggle_NumItems-menumove</include>
				<control type="group">
					<width>220</width>
					<height>42</height>
					<control type="button" id="1">
						<label>$LOCALIZE[31930]</label>
						<onup>90</onup>
						<ondown>3</ondown>
						<onright>50</onright>
						<onclick>SetFocus(40)</onclick>
						<include>button_Menu</include>
					</control>
				</control>
				<!--sort-->
				<control type="group">
					<width>220</width>
					<height>42</height>
					<visible>Control.IsEnabled(3)</visible>
					<control type="button" id="3">
						<label>$LOCALIZE[103]</label>
						<onright>-</onright>
						<onup>1</onup>
						<ondown>4</ondown>
						<onright>50</onright>
						<include>button_Menu</include>
					</control>
				</control>
				<!--order-->
				<control type="group">
					<width>220</width>
					<height>42</height>
					<visible>Control.IsEnabled(4)</visible>
					<control type="togglebutton" id="4">
						<label>$LOCALIZE[584]</label>
						<altlabel>$LOCALIZE[585]</altlabel>
						<onup>3</onup>
						<ondown>32</ondown>
						<onright>50</onright>
						<include>button_Menu</include>
					</control>
				</control>
				<!--library/files-->
				<control type="group">
					<width>220</width>
					<height>42</height>
					<visible>Window.IsVisible(MusicFiles)</visible>
					<control type="button" id="32">
						<label>$LOCALIZE[29800]</label>
						<onup>4</onup>
						<ondown>19</ondown>
						<onright>50</onright>
						<onclick>ReplaceWindow(MusicLibrary)</onclick>
						<include>button_Menu</include>
					</control>
				</control>
				<!--filter-->
				<control type="group">
					<width>220</width>
					<height>42</height>
					<control type="button" id="19">
						<label>$LOCALIZE[587]</label>
						<onup>32</onup>
						<ondown>5</ondown>
						<onright>50</onright>
						<include>button_Menu</include>
						<onclick>SetFocus(300)</onclick>
					</control>
				</control>
				<!--auto-updates-->
				<control type="group">
					<width>220</width>
					<height>42</height>
					<visible>Window.IsActive(addonbrowser)</visible>
					<control type="togglebutton" id="5">
						<label>$LOCALIZE[24063]$LOCALIZE[31113]</label>
						<altlabel>$LOCALIZE[24063]$LOCALIZE[31114]</altlabel>
						<onup>19</onup>
						<ondown>6</ondown>
						<onright>50</onright>
						<include>button_Menu</include>
					</control>
				</control>
				<control type="group">
					<width>220</width>
					<height>42</height>
					<visible>Window.IsActive(addonbrowser)</visible>
					<control type="togglebutton" id="6">
						<label>$LOCALIZE[25000]$LOCALIZE[31113]</label>
						<altlabel>$LOCALIZE[25000]$LOCALIZE[31114]</altlabel>
						<onup>5</onup>
						<ondown>31</ondown>
						<onright>50</onright>
						<include>button_Menu</include>
					</control>
				</control>
				<!--favourites-->
				<control type="group">
					<width>220</width>
					<height>42</height>
					<control type="button" id="31">
						<label>$LOCALIZE[1036]</label>
						<onup>6</onup>
						<ondown>90</ondown>
						<onright>50</onright>
						<onclick>ActivateWindow(Favourites)</onclick>
						<include>button_Menu</include>
					</control>
				</control>
				<!--THUMBS: addons info-->
				<control type="group">
					<width>220</width>
					<height>42</height>
					<visible>Control.IsVisible(576) + [Container.Content(addons) | Container.Content(programs)]</visible>
					<control type="button" id="90">
						<label>$LOCALIZE[31975]</label>
						<onup>31</onup>
						<ondown>1</ondown>
						<onright>50</onright>
						<onclick>Container.SetViewMode(574)</onclick>
						<onclick>SetFocus(576)</onclick>
						<include>button_Menu</include>
					</control>
				</control>
				<!--THUMBS: addons no info-->
				<control type="group">
					<width>220</width>
					<height>42</height>
					<visible>Control.IsVisible(574) + [Container.Content(addons) | Container.Content(programs)]</visible>
					<control type="button" id="90">
						<label>$LOCALIZE[31974]</label>
						<onup>31</onup>
						<ondown>1</ondown>
						<onright>50</onright>
						<onclick>Container.SetViewMode(576)</onclick>
						<onclick>SetFocus(576)</onclick>
						<include>button_Menu</include>
					</control>
				</control>
			</control>
<!---viewtype selection------>
			<control type="grouplist" id="40">
				<posy>20</posy>
				<visible allowhiddenfocus="true">ControlGroup(40).HasFocus()</visible>
				<onright>50</onright>
				<include>toggle_NumItems-menumove</include>
				<!--list-->
				<control type="group">
					<width>220</width>
					<height>42</height>
					<control type="button" id="401">
						<label>$LOCALIZE[535]</label>
						<onclick>Container.SetViewMode(50)</onclick>
						<onclick>SetFocus(1)</onclick>
						<onclick>SetFocus(50)</onclick>
						<onright>30</onright>
						<onback>30</onback>
						<onup>405</onup>
						<ondown>402</ondown>
						<include>button_Menu</include>
					</control>
				</control>
				<!--slide addons-->
				<control type="group">
					<width>220</width>
					<height>42</height>
					<visible>Container.Content(addons)</visible>
					<control type="button" id="402">
						<label>$LOCALIZE[31003]</label>
						<onclick>Container.SetViewMode(522)</onclick>
						<onclick>SetFocus(1)</onclick>
						<onclick>SetFocus(522)</onclick>
						<onright>50</onright>
						<onup>401</onup>
						<ondown>403</ondown>
						<include>button_Menu</include>
					</control>
				</control>
				<!--thumbnails-->
				<control type="group">
					<width>220</width>
					<height>42</height>
					<visible>[Window.IsActive(2) | Window.IsActive(MusicLibrary)] + Container().HasFiles + !IsEmpty(Container.FolderPath) + !substring(container.folderpath,addons://sources/)</visible>
					<control type="button" id="403">
						<label>$LOCALIZE[31014]</label>
						<onclick>Container.SetViewMode(573)</onclick>
						<onclick>SetFocus(1)</onclick>
						<onclick>SetFocus(573)</onclick>
						<onright>30</onright>
						<onback>30</onback>
						<onup>402</onup>
						<ondown>404</ondown>
						<include>button_Menu</include>
					</control>
				</control>
				<!--thumbnails addons-->
				<control type="group">
					<width>220</width>
					<height>42</height>
					<visible>SubString(Container.FolderPath,addons) + !StringCompare(Container.FolderPath,addons://all/)</visible>
					<control type="button" id="404">
						<label>$LOCALIZE[31014]</label>
						<onclick>Container.SetViewMode(574)</onclick>
						<onclick>SetFocus(1)</onclick>
						<onclick>SetFocus(574)</onclick>
						<onright>30</onright>
						<onup>403</onup>
						<ondown>405</ondown>
						<include>button_Menu</include>
					</control>
				</control>
				<!--pictures gallery-->
				<control type="group">
					<width>220</width>
					<height>42</height>
					<visible>Window.IsActive(2) + Container().HasFiles + !IsEmpty(Container.FolderPath) + !substring(container.folderpath,addons://sources/)</visible>
					<control type="button" id="405">
						<label>$LOCALIZE[31002]</label>
						<onclick>Container.SetViewMode(53)</onclick>
						<onclick>SetFocus(1)</onclick>
						<onclick>SetFocus(572)</onclick>
						<onright>30</onright>
						<onup>404</onup>
						<ondown>401</ondown>
						<include>button_Menu</include>
					</control>
				</control>
			</control>
		</control>
	</include>
	
	
	
	
	
	
	
	
	
	
	
	
	
	
	
	
	
	
	
	
	
	<include name="menu_Addons">
		<control type="group" id="6000">
			<visible>!Skin.HasSetting(global.kiosk)</visible>
			<control type="grouplist" id="30">
				<posx>-275</posx>
				<posy>20</posy>
				<visible allowhiddenfocus="true">ControlGroup(6000).HasFocus + !ControlGroup(40).HasFocus + !Window.IsActive(103) + !Skin.HasSetting(global.kiosk)</visible>
				<onright>50</onright>
				<include>MenuOpen</include>
				<include>transition_Menu</include>
				<include>toggle_NumItems-menumove</include>
				<control type="group">
					<width>220</width>
					<height>42</height>
					<control type="button" id="1">
						<label>$LOCALIZE[31930]</label>
						<onup>6</onup>
						<ondown>3</ondown>
						<onright>50</onright>
						<onclick>SetFocus(40)</onclick>
						<include>button_Menu</include>
					</control>
				</control>
				<!--sort-->
				<control type="group">
					<width>220</width>
					<height>42</height>
					<!--<visible>Control.IsEnabled(3)</visible>-->
					<control type="button" id="3">
						<label>$LOCALIZE[103]</label>
						<onright>-</onright>
						<onup>1</onup>
						<ondown>4</ondown>
						<onright>50</onright>
						<include>button_Menu</include>
					</control>
				</control>
				<!--order-->
				<control type="group">
					<width>220</width>
					<height>42</height>
					<!--<visible>Control.IsEnabled(4)</visible>-->
					<control type="togglebutton" id="4">
						<label>$LOCALIZE[584]</label>
						<altlabel>$LOCALIZE[585]</altlabel>
						<onup>3</onup>
						<ondown>17</ondown>
						<onright>50</onright>
						<include>button_Menu</include>
					</control>
				</control>
				<!--favourites-->
				<control type="group">
					<width>220</width>
					<height>42</height>
					<control type="button" id="17">
						<label>$LOCALIZE[1036]</label>
						<onup>4</onup>
						<ondown>5</ondown>
						<onright>50</onright>
						<onclick>ActivateWindow(Favourites)</onclick>
						<include>button_Menu</include>
					</control>
				</control>
				<!--auto-updates-->
				<control type="group">
					<width>220</width>
					<height>42</height>
					<control type="togglebutton" id="5">
						<label>$LOCALIZE[24063]$LOCALIZE[31113]</label>
						<altlabel>$LOCALIZE[24063]$LOCALIZE[31114]</altlabel>
						<onup>17</onup>
						<ondown>6</ondown>
						<onright>50</onright>
						<include>button_Menu</include>
					</control>
				</control>
				<!--notifications-->
				<control type="group">
					<width>220</width>
					<height>42</height>
					<control type="togglebutton" id="6">
						<label>$LOCALIZE[25000]$LOCALIZE[31113]</label>
						<altlabel>$LOCALIZE[25000]$LOCALIZE[31114]</altlabel>
						<onup>5</onup>
						<ondown>1</ondown>
						<onright>50</onright>
						<include>button_Menu</include>
					</control>
				</control>
			</control>
<!---viewtype selection------>
			<control type="grouplist" id="40">
				<posy>20</posy>
				<visible allowhiddenfocus="true">ControlGroup(40).HasFocus()</visible>
				<onright>50</onright>
				<include>toggle_NumItems-menumove</include>
				<!--list-->
				<control type="group">
					<width>220</width>
					<height>42</height>
					<control type="button" id="401">
						<label>$LOCALIZE[535]</label>
						<onclick>Container.SetViewMode(50)</onclick>
						<onclick>SetFocus(1)</onclick>
						<onclick>SetFocus(50)</onclick>
						<onright>30</onright>
						<onback>30</onback>
						<onup>403</onup>
						<ondown>402</ondown>
						<include>button_Menu</include>
					</control>
				</control>
				<!--slide addons-->
				<control type="group">
					<width>220</width>
					<height>42</height>
					<visible>Container.Content(addons) + !SubString(Container.FolderName,$LOCALIZE[24032]) + !IsEmpty(Container.FolderPath)</visible>
					<control type="button" id="402">
						<label>$LOCALIZE[31003]</label>
						<onclick>Container.SetViewMode(522)</onclick>
						<onclick>SetFocus(1)</onclick>
						<onclick>SetFocus(522)</onclick>
						<onright>50</onright>
						<onup>401</onup>
						<ondown>403</ondown>
						<include>button_Menu</include>
					</control>
				</control>
				<!--thumbnails addons-->
				<control type="group">
					<width>220</width>
					<height>42</height>
					<visible>Container.Content(addons) + !SubString(Container.FolderName,$LOCALIZE[24032]) + !IsEmpty(Container.FolderPath)</visible>
					<control type="button" id="403">
						<label>$LOCALIZE[31014]</label>
						<onclick>Container.SetViewMode(574)</onclick>
						<onclick>SetFocus(1)</onclick>
						<onclick>SetFocus(574)</onclick>
						<onright>30</onright>
						<onup>402</onup>
						<ondown>401</ondown>
						<include>button_Menu</include>
					</control>
				</control>
			</control>
		</control>
	</include>
</includes>