﻿<includes>
	<include name="menu_Playlist">
		<control type="grouplist" id="6000">
			<posx>-275</posx>
			<posy>20</posy>
			<visible allowhiddenfocus="true">ControlGroup(6000).HasFocus(0)</visible>
			<onright>50</onright>
			<include>MenuOpen</include>
			<include>transition_Menu</include>
			<include>toggle_NumItems-menumove</include>
			<control type="group">
				<width>220</width>
				<height>42</height>
				<!--shuffle-->
				<control type="radiobutton" id="20">
					<label>-</label>
					<onup>22</onup>
					<ondown>26</ondown>
					<onright>50</onright>
					<textureradiofocus>-</textureradiofocus>
					<textureradionofocus>-</textureradionofocus>
					<include>button_Menu</include>
				</control>
				<!--on-->
				<control type="label" id="20">
					<posx>35</posx>
					<label>$LOCALIZE[191]$LOCALIZE[31114]</label>
					<height>164</height>
					<font>windowMenu</font>
					<textcolor>Color1</textcolor>
					<visible>!Control.HasFocus(20) + SubString(Control.GetLabel(20),*)</visible>
				</control>
				<control type="label" id="20">
					<posx>35</posx>
					<label>$LOCALIZE[191]$LOCALIZE[31114]</label>
					<height>164</height>
					<font>windowMenu</font>
					<textcolor>Color5</textcolor>
					<visible>Control.HasFocus(20) + SubString(Control.GetLabel(20),*)</visible>
				</control>
				<!--off-->
				<control type="label" id="20">
					<posx>35</posx>
					<label>$LOCALIZE[191]$LOCALIZE[31113]</label>
					<height>164</height>
					<font>windowMenu</font>
					<textcolor>Color1</textcolor>
					<visible>!Control.HasFocus(20) + !SubString(Control.GetLabel(20),*)</visible>
				</control>
				<control type="label" id="20">
					<posx>35</posx>
					<label>$LOCALIZE[191]$LOCALIZE[31113]</label>
					<height>164</height>
					<font>windowMenu</font>
					<textcolor>Color5</textcolor>
					<visible>Control.HasFocus(20) + !SubString(Control.GetLabel(20),*)</visible>
				</control>
			</control>
			<control type="group">
				<width>220</width>
				<height>42</height>
				<!--repeat-->
				<control type="button" id="26">
					<label>$LOCALIZE[486]</label>
					<onup>20</onup>
					<ondown>21</ondown>
					<onright>50</onright>
					<include>button_Menu</include>
				</control>
			</control>
			<control type="group">
				<width>220</width>
				<height>42</height>
				<!--repeat-->
				<control type="button" id="21">
					<label>$LOCALIZE[190]</label>
					<onup>26</onup>
					<ondown>22</ondown>
					<onright>50</onright>
					<include>button_Menu</include>
				</control>
			</control>
			<control type="group">
				<width>220</width>
				<height>42</height>
				<!--clear-->
				<control type="button" id="22">
					<label>$LOCALIZE[192]</label>
					<onup>21</onup>
					<ondown>20</ondown>
					<onright>50</onright>
					<include>button_Menu</include>
				</control>
			</control>
		</control>
	</include>
</includes>