﻿<includes>
	<include name="TVMenu">
		<control type="grouplist" id="6000">
			<posx>-275</posx>
			<posy>20</posy>
			<visible allowhiddenfocus="true">ControlGroup(6000).HasFocus()</visible>
			<onright>50</onright>
			<include>MenuOpen</include>
			<include>transition_Menu</include>
			<!--tv channels-->
			<control type="group">
				<width>220</width>
				<height>42</height>
				<control type="button" id="32">
					<label>$LOCALIZE[19023]</label>
					<onup>36</onup>
					<ondown>33</ondown>
					<onright>50</onright>
					<include>button_Menu</include>
				</control>
			</control>
			<!--radio channels-->
			<control type="group">
				<width>220</width>
				<height>42</height>
				<control type="button" id="33">
					<label>$LOCALIZE[19024]</label>
					<onup>32</onup>
					<ondown>31</ondown>
					<onright>50</onright>
					<include>button_Menu</include>
				</control>
			</control>
			<!--tv guide-->
			<control type="group">
				<width>220</width>
				<height>42</height>
				<control type="button" id="31">
					<label>$LOCALIZE[19029]</label>
					<onup>33</onup>
					<ondown>34</ondown>
					<onright>50</onright>
					<include>button_Menu</include>
				</control>
			</control>
			<!--recordings-->
			<control type="group">
				<width>220</width>
				<height>42</height>
				<control type="button" id="34">
					<label>$LOCALIZE[19163]</label>
					<onup>31</onup>
					<ondown>35</ondown>
					<onright>50</onright>
					<include>button_Menu</include>
				</control>
			</control>
			<!--timers-->
			<control type="group">
				<width>220</width>
				<height>42</height>
				<control type="button" id="35">
					<label>$LOCALIZE[31085]</label>
					<onup>34</onup>
					<ondown>36</ondown>
					<onright>50</onright>
					<include>button_Menu</include>
				</control>
			</control>
			<!--search-->
			<control type="group">
				<width>220</width>
				<height>42</height>
				<control type="button" id="36">
					<label>$LOCALIZE[137]</label>
					<onup>35</onup>
					<ondown>32</ondown>
					<onright>50</onright>
					<include>button_Menu</include>
				</control>
			</control>													
		</control>
	</include>
</includes>