﻿<window id="25">
	<defaultcontrol always="true">50</defaultcontrol>
	<allowoverlay>yes</allowoverlay>
	<views>47,50,501,51,52,521,522,53,531,54,541,5411,54111,550,551,57,571,5711,574,575,576,592</views>
	<onload condition="System.HasAddon(script.tv.show.next.aired)">RunScript(script.tv.show.next.aired,backend=True)</onload>
	<onload condition="Library.HasContent(TVShows) + System.HasAddon(script.tvtunes) + Skin.HasSetting(tvtunes.addon)">XBMC.RunScript(script.tvtunes,backend=True&amp;loop=False)</onload>	
	<onload condition="Library.HasContent(Movies) + System.HasAddon(script.moviesets) + IsEmpty(Window(Home).Property(DontRunTVShowScripts))">RunScript(script.moviesets,containerId=7000)</onload>
	<controls>
	  <include condition="System.HasAddon(script.moviesets)">ContainerMovieSets</include>
		<include>global_Background</include>
		<include>global_Includes</include>
		<include>windowTitle_Video</include>
		<include>PageControls</include>
		<include>nav_Indicator</include>
		<include>view_GalleryFull</include>
		<include>view_Fanart</include>
		<include>view_ThumbEpisode</include>
		<include>view_IconSquare</include>
		<include>view_SlideMusic</include>
		<include>view_SlideSquare</include>
		<include>view_IconSquare3</include>
		<include>view_MovieSets</include>
		<include condition="Skin.HasSetting(banners.enable)">view_Banner</include>
		<include condition="Skin.HasSetting(banners.enable)">view_BannerWide</include>
		<include condition="Skin.HasSetting(banners.enable)">view_BannerDoubleRow</include>
		<include condition="Skin.HasSetting(banners.enable)">view_BannerPoster</include>

	<!---TRIGGER------>	
		<control type="button" id="8000">
			<label>SHOULD NOT SEE ME</label>
			<onup>53</onup>
			<ondown>53</ondown>
			<onleft>53</onleft>
			<onright>53</onright>
			<width>500</width>
			<visible allowhiddenfocus="true">false</visible>
		</control>

	<!---LIST------>
		<include>view_List</include>
		<include>view_List_1Row</include>
		<control type="group">
			<include>toggle_Menu</include>
			<include>infoDialogHide</include>
			<include>transition_Container</include>
			<visible>Control.IsVisible(50) | Control.IsVisible(501)</visible>
		<!---landscape--->
			<control type="group">
				<visible>!SubString(Container.Folderpath,plugin://)</visible>
				<control type="group">
					<posx>655</posx>
					<posy>68</posy>
					<visible>[[Container.Content(movies) | Container.Content(tvshows)] + Skin.HasSetting(view.list.fanart)] | Container.Content(artists) | Container.Content(musicvideos) | Container.Content(episodes) | SubString(Container.FolderPath,plugin.video.hulu) | SubString(Container.FolderPath,plugin.video.LiveTV)</visible>
					<control type="image">
						<include>frame_Landscape-List</include>
						<visible>!IsEmpty(Container.FolderName) + !Container.Content(files)</visible>
					</control>
					<control type="image">
						<texture background="true">$VAR[thumb_Landscape.Condition]</texture>
						<include>thumb_Landscape-List</include>
					</control>
					<control type="image">
						<posx>22</posx>
						<posy>220</posy>
						<width>542</width>
						<height>96</height>
						<include>art_TVShowLogo</include>
					</control>
					<control type="group">
						<posx>532</posx>
							<posy>295</posy>
						<control type="image">
							<include condition="Skin.HasSetting(watched.original)">overlay_UnWatchedOriginal</include>
							<include condition="!Skin.HasSetting(watched.original)">overlay_UnWatched</include>
							<visible>!Container.Content(files) + !Skin.HasSetting(watched.alternative)</visible>
						</control>
						<control type="image">
							<include>overlay_Resumable</include>
							<visible>Skin.HasSetting(watched.original)</visible>
						</control>
					</control>
					<control type="group">
						<posx>500</posx>
							<posy>263</posy>
						<include>focus_Banner</include>
						<visible>!Container.Content(files) + Skin.HasSetting(watched.alternative)</visible>
						<control type="image">
							<info>ListItem.Overlay</info>
						</control>
					</control>
				</control>
				<control type="group">
					<posx>685</posx>
					<posy>420</posy>
					<control type="textbox">
						<width>525</width>
						<height>244</height>
						<label>$INFO[ListItem.Plot]</label>
							<font>descriptionbig</font>
						<visible>[[Skin.HasSetting(view.list.fanart) + [Container.Content(movies) | Container.Content(tvshows)]] | [Container.Content(episodes) + !IsEmpty(ListItem.Title)] | Container.Content(musicvideos)] + !SubString(ListItem.Icon,default | SubString(Container.FolderPath,plugin.video.rtmpGUIplus )</visible>
					</control>
					<control type="textbox">
						<width>525</width>
						<height>244</height>
						<label>$INFO[Container.ShowPlot]</label>
							<font>descriptionbig</font>
						<include>description_Small</include>
						<visible>Container.Content(episodes) + IsEmpty(ListItem.Title)</visible>
					</control>
				</control>
			</control>
			<!---portrait--->
			<control type="group">
				<posx>750</posx>
				<posy>65</posy>
				<!--<visible>!SubString(Container.FolderPath,plugin://) | SubString(Container.FolderPath,plugin.video.the.trailers)</visible>-->
				<control type="group">
					<visible>[Container.Content(movies) | Container.Content(tvshows)] + [!Skin.HasSetting(view.list.fanart) | SubString(Container.FolderPath,plugin://)] | Container.Content(actors) | Container.Content(seasons) | Container.Content(sets)</visible>
					<control type="image">
						<include>frame_Poster-List</include>
					</control>
					<control type="image">
						<texture background="true">$VAR[thumb_Portrait.Condition]</texture>
						<include>thumb_Portrait-List</include>
					</control>
					<control type="group">
						<posx>397</posx>
						<posy>591</posy>
						<control type="image">
							<include condition="Skin.HasSetting(watched.original)">overlay_UnWatchedOriginal</include>
							<include condition="!Skin.HasSetting(watched.original)">overlay_UnWatched</include>
							<visible>!Container.Content(files) + !Skin.HasSetting(watched.alternative)</visible>
						</control>
						<control type="image">
							<include>overlay_Resumable</include>
							<visible>Skin.HasSetting(watched.original)</visible>
						</control>
					</control>
					<control type="group">
						<posx>365</posx>
						<posy>559</posy>
						<visible>!Container.Content(files) + Skin.HasSetting(watched.alternative)</visible>
						<control type="image">
							<info>ListItem.Overlay</info>
						</control>
					</control>
				</control>
			</control>
			<!---files--->
			<control type="group">
				<visible>Container.Content(files)</visible>
				<control type="group">
					<posx>655</posx>
					<posy>80</posy>
					<control type="image">
						<width>580</width>
						<height>625</height>
						<texture background="true">$VAR[thumb_Portrait.Condition]</texture>
						<bordertexture border="31" width="400" height="315">frames/frame_Square.png</bordertexture>
						<bordersize>22</bordersize>
						<aspectratio align="right" aligny="top">keep</aspectratio>
						<fadetime>fadetime_Thumb</fadetime>
						<visible>!IsEmpty(ListItem.Thumb) + !substring(Container.FolderPath,plugin://) + !IsEmpty(Container.FolderPath)</visible>
					</control>
					<control type="image">
						<posx>-54</posx>
						<posy>526</posy>
						<animation effect="rotate" end="90" time="0" condition="True">Conditional</animation>
						<include>overlay_UnWatched</include>
						<visible>!SubString(Container.FolderPath,special://videoplaylists) + !Skin.HasSetting(watched.alternative)</visible>
					</control>
					<control type="image">
						<posx>-54</posx>
						<posy>526</posy>
						<animation effect="rotate" end="90" time="0" condition="True">Conditional</animation>
						<include>overlay_UnWatchedAlt</include>
						<visible>!SubString(Container.FolderPath,special://videoplaylists) + Skin.HasSetting(watched.alternative)</visible>
					</control>
					<control type="image">
						<posx>-54</posx>
						<posy>526</posy>
						<animation effect="rotate" end="90" time="0" condition="True">Conditional</animation>
						<include>overlay_Resumable-list</include>
					</control>
				</control>
			</control>
			<!---addons--->
			<control type="group">
				<visible>SubString(Container.FolderPath,plugin.video.LiveTV)</visible>
				<control type="group">
					<posx>655</posx>
					<posy>80</posy>
					<control type="image">
						<width>580</width>
						<height>625</height>
						<texture background="true">$VAR[thumb_Portrait.Condition]</texture>
						<bordersize>22</bordersize>
						<aspectratio align="right" aligny="top">keep</aspectratio>
						<fadetime>fadetime_Thumb</fadetime>
						<visible>SubString(Container.FolderPath,plugin://)</visible>
					</control>
					<control type="image">
						<posx>-54</posx>
						<posy>526</posy>
						<animation effect="rotate" end="90" time="0" condition="True">Conditional</animation>
						<include>overlay_UnWatched</include>
						<visible>!SubString(Container.FolderPath,special://videoplaylists) + !Skin.HasSetting(watched.alternative)</visible>
					</control>
					<control type="image">
						<posx>-54</posx>
						<posy>526</posy>
						<animation effect="rotate" end="90" time="0" condition="True">Conditional</animation>
						<include>overlay_UnWatchedAlt</include>
						<visible>!SubString(Container.FolderPath,special://videoplaylists) + Skin.HasSetting(watched.alternative)</visible>
					</control>
					<control type="image">
						<posx>-54</posx>
						<posy>526</posy>
						<animation effect="rotate" end="90" time="0" condition="True">Conditional</animation>
						<include>overlay_Resumable-list</include>
					</control>
				</control>
			</control>
		</control>
		<include>info_MusicList</include>
		<include>info_AddonList</include>

<!---BIG LIST------>
		<include>view_BigList</include>

<!-- MOVIE SETS VIEW (Multiple Movie) -->
		<control type="group">
			<include>toggle_Menu</include>
			<include>transition_Info</include>
			<include>infoDialogHide</include>
			<visible>Control.IsVisible(523) + Control.HasFocus(523) + System.HasAddon(script.moviesets)</visible>
			<visible>Control.IsVisible(523) + Control.HasFocus(523) + Container.Content(Movies) + [StringCompare(Container.FolderPath,videodb://1/7/) | !IsEmpty(Window(10025).Property(Content.MovieSets)) | !IsEmpty(Container(7000).ListItem.Property(IsSet))]</visible>
			<control type="group">
				<posx>220</posx>
				<posy>362</posy>
				<control type="label">
					<posx>230</posx>
					<posy>-245</posy>
					<width>960</width>
					<label>$VAR[global_Title.Video]</label>
					<include>info_Title</include>
				</control>
				<control type="label">
					<posx>230</posx>
					<posy>-245</posy>
					<width>960</width>
					<label>$INFO[ListItem.Label]</label>
					<visible>Container.Content(Movies)</visible>
					<include>info_Title</include>
				</control>
				<control type="group">
					<posx>0</posx>
					<posy>-48</posy>
					<visible>Control.IsVisible(523) + Control.HasFocus(523) + Container.Content(Movies) + [StringCompare(Container.FolderPath,videodb://1/7/) | !IsEmpty(Window(10025).Property(Content.MovieSets)) | !IsEmpty(Container(7000).ListItem.Property(IsSet))]</visible>
					<include>thumb_Set-114x148r1s65</include>
					<control type="label">
						<posx>0</posx>
						<posy>148</posy>
						<width>960</width>
						<height>30</height>
						<font>info</font>
						<textcolor>Color1</textcolor>
						<scroll>false</scroll>
						<align>left</align>
						<aligny>center</aligny>
						<label>$INFO[ListItem.Genre]$INFO[Container(7000).ListItem.Genre,[COLOR=Color2]$LOCALIZE[515]:[/COLOR] ]</label>
						<scrollout>false</scrollout>
						<pauseatend>2000</pauseatend>
					</control>
					<control type="label">
						<posx>0</posx>
						<posy>148</posy>
						<width>960</width>
						<height>30</height>
						<font>info</font>
						<textcolor>Color1</textcolor>
						<scroll>false</scroll>
						<align>left</align>
						<aligny>center</aligny>
						<label>$INFO[ListItem.Genre,[COLOR=Color2]$LOCALIZE[515]:[/COLOR] ]</label>
						<scrollout>false</scrollout>
						<pauseatend>2000</pauseatend>
					</control>
					<control type="label">
						<posy>178</posy>
						<width>960</width>
						<height>30</height>
						<font>info</font>
						<textcolor>Color1</textcolor>
						<scroll>false</scroll>
						<align>left</align>
						<aligny>center</aligny>
						<label>$INFO[ListItem.Year]$INFO[Container(7000).ListItem.Property(Years),[COLOR=Color2]Year:[/COLOR] ]</label>
						<scrollout>false</scrollout>
						<pauseatend>2000</pauseatend>
					</control>
					<control type="label">
						<posy>178</posy>
						<width>960</width>
						<height>30</height>
						<font>info</font>
						<textcolor>Color1</textcolor>
						<scroll>false</scroll>
						<align>left</align>
						<aligny>center</aligny>
						<label>$INFO[ListItem.Year,[COLOR=Color2]Year:[/COLOR] ]</label>
						<scrollout>false</scrollout>
						<pauseatend>2000</pauseatend>
					</control>
					<control type="label">
						<posx>330r</posx>
						<posy>148</posy>
						<width>480</width>
						<height>30</height>
						<font>info</font>
						<textcolor>Color1</textcolor>
						<scroll>true</scroll>
						<align>right</align>
						<aligny>center</aligny>
						<label>$INFO[ListItem.Episode]$INFO[Container(7000).ListItem.Property(TotalMovies),[COLOR=Color2]Total Movies:[/COLOR] ]</label>
						<scrollout>false</scrollout>
						<pauseatend>2000</pauseatend>
					</control>
					<control type="label">
						<posx>330r</posx>
						<posy>178</posy>
						<width>480</width>
						<height>30</height>
						<font>info</font>
						<textcolor>Color3</textcolor>
						<scroll>true</scroll>
						<align>right</align>
						<aligny>center</aligny>
						<label>$INFO[ListItem.Property(WatchedEpisodes),, $LOCALIZE[16102] ● ]$INFO[Container(7000).ListItem.Property(WatchedMovies),, $LOCALIZE[16102] ● ]$INFO[ListItem.Property(UnWatchedEpisodes),, $LOCALIZE[16101]]$INFO[Container(7000).ListItem.Property(UnWatchedMovies),, $LOCALIZE[16101]]</label>
						<scrollout>false</scrollout>
						<pauseatend>2000</pauseatend>
					</control>
					<control type="textbox">
						<description>Multiple Plot</description>
						<posy>213</posy>
						<width>960</width>
						<height>150</height>
						<textcolor>Color7</textcolor>
						<font>descriptionSmall</font>
						<aligny>top</aligny>
						<label>$INFO[Container(7000).ListItem.Plot]</label>
						<autoscroll time="2500" delay="1000" repeat="5000">True</autoscroll>
					</control>
					<control type="textbox">
						<description>Plot</description>
						<posy>213</posy>
						<width>960</width>
						<height>150</height>
						<textcolor>Color7</textcolor>
						<font>descriptionSmall</font>
						<aligny>top</aligny>
						<label>$INFO[ListItem.Plot]</label>
						<autoscroll time="2500" delay="1000" repeat="5000">True</autoscroll>
					</control>
				</control>
				<control type="grouplist">
					<visible>Control.IsVisible(523) + Control.HasFocus(523) + [StringCompare(Container.FolderPath,videodb://1/7/) | !IsEmpty(Window(10025).Property(Content.MovieSets)) | !IsEmpty(Container(7000).ListItem.Property(IsSet))]</visible>
					<description>Media Codec Flagging Images</description>
					<posx>-100</posx>
					<posy>-380</posy>
					<width>125</width>
					<align>center</align>
					<aligny>center</aligny>
					<itemgap>3</itemgap>
					<orientation>vertical</orientation>
					<control type="image">
						<width>82</width>
						<height>32</height>
						<aspectratio align="center">keep</aspectratio>
						<texture>$INFO[Container(7000).ListItem.Property(VideoResolution),flags/video/resolution/,.png]</texture>
						<visible>!IsEmpty(Container(7000).ListItem.Property(IsSet))</visible>
					</control>
					<control type="image">
						<width>82</width>
						<height>32</height>
						<aspectratio align="center">keep</aspectratio>
						<texture>$INFO[Container(7000).ListItem.Property(VideoAspect),flags/video/aspectratio/,.png]</texture>
						<visible>!IsEmpty(Container(7000).ListItem.Property(IsSet))</visible>
					</control>
					<control type="image">
						<width>82</width>
						<height>32</height>
						<aspectratio align="center">keep</aspectratio>
						<texture>$INFO[Container(7000).ListItem.Property(VideoCodec),flags/codec/,.png]</texture>
						<visible>!IsEmpty(Container(7000).ListItem.Property(IsSet))</visible>
					</control>
					<control type="image">
						<width>82</width>
						<height>32</height>
						<aspectratio align="center">keep</aspectratio>
						<texture>$INFO[Container(7000).ListItem.Property(AudioCodec),flags/codec/,.png]</texture>
						<visible>!IsEmpty(Container(7000).ListItem.Property(IsSet))</visible>
					</control>
				</control>
				<control type="grouplist">
					<description>MPAA Rating Flagging Images</description>
					<posx>990</posx>
					<posy>310</posy>
					<width>249</width>
					<align>right</align>
					<itemgap>0</itemgap>
					<orientation>horizontal</orientation>
					<include>flag_MPAA</include>
					<visible>!IsEmpty(Container(7000).ListItem.Property(IsSet))</visible>
					<visible>Control.IsVisible(523) + Control.HasFocus(523) + [StringCompare(Container.FolderPath,videodb://1/7/) | !IsEmpty(Window(10025).Property(Content.MovieSets)) | !IsEmpty(Container(7000).ListItem.Property(IsSet))]</visible>
				</control>
			</control>
		</control>
		<include>view_MovieSets</include>
		<!-- MOVIE SETS VIEW (Single Movie) -->
		<control type="group">
			<include>toggle_Menu</include>
			<include>transition_Info</include>
			<include>infoDialogHide</include>
			<visible>Control.IsVisible(523) + Control.HasFocus(523) + Container.Content(Movies) + System.HasAddon(script.moviesets)</visible>
			<control type="label">
				<posx>450</posx>
				<posy>117</posy>
				<width>960</width>
				<label>$INFO[ListItem.Title]</label>
				<visible>Container.Content(Movies)</visible>
				<include>info_Title</include>
			</control>
			<!-- media flags -->
			<control type="grouplist">
				<posx>220</posx>
				<posy>390</posy>
				<width>1050</width>
				<height>64</height>
				<itemgap>0</itemgap>
				<orientation>horizontal</orientation>
				<include>flags_MovieSet-media</include>
			</control>
			<!-- studio flags -->
			<control type="image" id="789">
				<posx>30</posx>
				<posy>462</posy>
				<width>163</width>
				<height>110</height>
				<aspectratio align="center">keep</aspectratio>
				<texture fallback="empty">$VAR[flag_Studio]</texture>
			</control>
			<control type="image" id="1789">
				<posx>30</posx>
				<posy>462</posy>
				<width>163</width>
				<height>110</height>
				<aspectratio align="center">keep</aspectratio>
				<texture fallback="empty">$VAR[flag_Studio_alt]</texture>
				<visible>StringCompare(Control.GetLabel(789),empty)</visible>
			</control>
			<control type="label">
				<posx>220</posx>
				<posy>462</posy>
				<width>960</width>
				<height>30</height>
				<font>info</font>
				<textcolor>Color1</textcolor>
				<scroll>false</scroll>
				<align>left</align>
				<aligny>center</aligny>
				<label>$INFO[ListItem.Year,, [COLOR=Color2]:[/COLOR] ]$INFO[ListItem.Genre,, [COLOR=Color2]:[/COLOR] ]$INFO[ListItem.Duration,, mins.]</label>
				<scrollout>false</scrollout>
				<pauseatend>2000</pauseatend>
			</control>
			<control type="textbox">
				<description>Plot</description>
				<posx>220</posx>
				<posy>492</posy>
				<width>960</width>
				<height>180</height>
				<textcolor>Color7</textcolor>
				<font>descriptionSmall</font>
				<aligny>top</aligny>
				<label>$VAR[global_Plot.Condition2]</label>
				<autoscroll time="3500" delay="5000" repeat="5000">True</autoscroll>
			</control>
		</control>
		<include>view_MovieSets</include>
		
<!---SLIDE------>
<control type="group">
			<include>toggle_Menu</include>
			<include>transition_Info</include>
			<include>infoDialogHide</include>
			<visible>Control.IsVisible(52) | Control.IsVisible(521) | Control.IsVisible(522)</visible>
			<!---flags--->
			<control type="image" id="88788">
				<posx>60</posx>
				<posy>459</posy>
				<width>128</width>
				<height>64</height>
				<aspectratio align="right">keep</aspectratio>
				<texture fallback="empty">$VAR[flag_Studio]</texture>
			</control>
			<control type="image" id="88988">
				<posx>60</posx>
				<posy>459</posy>
				<width>128</width>
				<height>64</height>
				<aspectratio align="right">keep</aspectratio>
				<texture fallback="empty">$VAR[flag_Studio_alt]</texture>
				<visible>StringCompare(Control.GetLabel(88788),empty)</visible>
			</control>
			<include>flags_Slide-media</include>
			<!---info--->	
			<control type="group">
				<visible>!Container.Content(addons)</visible>
				<posx>220</posx>
				<posy>462</posy>
				<control type="label">
					<width>960</width>
					<label>$VAR[global_Title.Video]</label>
					<font>titleSpecial2</font>
					<include>info_Title</include>
				</control>
				<control type="label">
					<posy>28</posy>
					<width>960</width>
					<label>$VAR[global_Info.Video]</label>
					<font>list</font>
					<include>info_Sub</include>
					<visible>!SubString(Container.FolderPath,plugin)</visible>
				</control>
				<control type="label">
					<posy>28</posy>
					<width>960</width>
					<label>$VAR[global_Info.Addon]</label>
						<font>list</font>
					<include>info_Sub</include>
					<visible>SubString(Container.FolderPath,plugin)</visible>
				</control>
				<control type="textbox">
					<posy>60</posy>
					<width>960</width>
					<height>110</height>
					<label>$VAR[global_Plot.Condition]</label>
					<font>descriptionbig</font>
					<include>description_Small</include>
					<visible>IsEmpty(ListItem.Property(ReleaseDate))</visible>
				</control>
				<control type="textbox">
					<posy>60</posy>
					<width>960</width>
					<height>163</height>
					<label>$VAR[global_Plot.Condition]</label>
					<font>descriptionbig</font>
					<include>description_Small</include>
					<visible>!IsEmpty(ListItem.Property(ReleaseDate))</visible>
				</control>
			</control>
		</control>
		<include>view_SlidePoster</include>
		<include>view_SlideLandscape</include>
		<include>info_Slide</include>
		<include>info_SlideAddons</include>

<!---LANDSCAPE--->
        <include>view_LandscapeThumb</include>
        <include>info_LandscapeThumb</include>
        <include>view_PortraitFanart</include>
        <include>info_PortraitFanart</include>
<!---THUMBNAILS------>
		<control type="group">
			<include>transition_Container</include>
			<include>infoDialogHide</include>
			<include>toggle_Menu</include>
			<!---large grid---> 
			<control type="group">
				<visible>Control.IsVisible(57) | Control.IsVisible(573)</visible>
				<!---flags--->
				<control type="image">
					<posx>235r</posx>
					<posy>632</posy>
					<width>128</width>
					<height>48</height>
					<texture>$INFO[ListItem.StarRating]</texture>
					<aspectratio align="center">keep</aspectratio>
					<visible>IntegerGreaterThan(ListItem.Rating,0)</visible>
				</control>
				<control type="image" id="99199">
					<posx>235r</posx>
					<posy>637</posy>
					<width>128</width>
					<height>64</height>
					<texture fallback="empty">$VAR[flag_Studio]</texture>
					<aspectratio align="right">keep</aspectratio>
					<visible>SubString(Container.FolderPath,plugin://plugin.video.the.trailers)</visible>
				</control>
				<control type="image" id="99299">
					<posx>235r</posx>
					<posy>637</posy>
					<width>128</width>
					<height>64</height>
					<texture fallback="empty">$VAR[flag_Studio_alt]</texture>
					<aspectratio align="right">keep</aspectratio>
					<visible>StringCompare(Control.GetLabel(99199),empty) + SubString(Container.FolderPath,plugin://plugin.video.the.trailers)</visible>
				</control>
				<control type="group">
					<posx>85</posx>
					<posy>640</posy>
					<control type="label">
						<label>$VAR[global_Title]</label>
						<width>1100</width>
						<include>info_Title</include>
					</control>
					<control type="label">
						<posy>28</posy>
						<label>$VAR[global_Info]</label>
						<width>750</width>
						<include>info_Sub</include>
						<visible>!SubString(Container.FolderPath,plugin) + !SubString(ListItem.Icon,default)</visible>
					</control>
					<control type="label">
						<posy>28</posy>
						<label>$VAR[global_Info.Addon]</label>
						<font>descriptionbig</font>
						<width>750</width>
						<include>info_Sub</include>
						<visible>SubString(Container.FolderPath,plugin) + !SubString(ListItem.Icon,default)</visible>
					</control>
				</control>
			</control>
			<!---small grid--->
			<control type="grouplist" id="1000">
				<posx>780</posx>
				<posy>115</posy>
				<itemgap>0</itemgap>
				<visible>Control.IsVisible(571) + [Container.Content(movies) | Container.Content(tvshows) | Container.Content(seasons)]</visible>
				<control type="label">
					<width>435</width>
					<label>$INFO[ListItem.Label]</label>
					<include>info_Title</include>
				</control>
				<control type="label">
					<width>435</width>
					<label>$INFO[ListItem.Genre]</label>
					<include>info_Sub</include>
					<visible>Container.Content(movies)</visible>
				</control>
				<control type="label">
					<width>435</width>
					<label>$INFO[ListItem.Property(UnWatchedEpisodes),, $LOCALIZE[16101] $LOCALIZE[20360]]</label>
					<include>info_Sub</include>
					<visible>Container.Content(tvshows) + !IsEmpty(ListItem.TVShowTitle)</visible>
				</control>
				<control type="label">
					<width>435</width>
					<label>$VAR[movie_Info.Date]</label>
					<include>info_Sub</include>
					<visible>Container.Content(movies)</visible>
				</control>
				<control type="label">
					<width>435</width>
					<label>$VAR[tvshow_Info.NextAired]</label>
					<include>info_Sub</include>
					<visible>Container.Content(tvshows) + !IsEmpty(ListItem.TVShowTitle)</visible>
				</control>
				<control type="image">
					<width>128</width>
					<height>48</height>
					<info>ListItem.StarRating</info>
					<aspectratio align="center">keep</aspectratio>
					<visible>IntegerGreaterThan(ListItem.Rating,0)</visible>
				</control>
				<control type="label">
					<width>435</width>
					<label>-</label>
					<include>info_Sub</include>
					<visible>!IntegerGreaterThan(ListItem.Rating,0)</visible>
				</control>
				<control type="textbox" id="4">
					<width>435</width>
					<height>345</height>
					<label>$VAR[global_Plot.Condition]</label>
						<font>descriptionbig</font>
					<visible>!SubString(ListItem.Icon,default)</visible>
				</control>
			</control>
			<control type="image" id="12345678">
				<posx>780</posx>
				<posy>610</posy>
				<width>128</width>
				<height>64</height>
				<aspectratio align="left">keep</aspectratio>
				<texture fallback="empty">$VAR[flag_Studio]</texture>
				<visible>Control.IsVisible(571) + [Container.Content(movies) | Container.Content(tvshows) | Container.Content(seasons)] + ![IsEmpty(ListItem.TVShowTitle) + IsEmpty(ListItem.Title)]</visible>
			</control>
			<control type="image" id="123456789">
				<posx>780</posx>
				<posy>610</posy>
				<width>128</width>
				<height>64</height>
				<aspectratio align="left">keep</aspectratio>
				<texture fallback="empty">$VAR[flag_Studio_alt]</texture>
				<visible>StringCompare(Control.GetLabel(12345678),empty) + Control.IsVisible(571) + [Container.Content(movies) | Container.Content(tvshows) | Container.Content(seasons)] + ![IsEmpty(ListItem.TVShowTitle) + IsEmpty(ListItem.Title)]</visible>
			</control>
		</control>
		<include>view_IconPoster</include>
		<include>view_IconWide</include>
		<include>view_IconPosterSmall</include>

<!--GALLERY------>
		<control type="group">
			<visible>Control.IsVisible(53)</visible>
			<include>infoDialogHide</include>
			<include>toggle_Menu</include>
			<include>transition_Info</include>
			<!---flags--->
			<control type="image" id="99">
				<posx>105</posx>
				<posy>590</posy>
				<width>128</width>
				<height>64</height>
				<aspectratio align="right">keep</aspectratio>
				<texture fallback="empty">$VAR[flag_Studio]</texture>
			</control>-->
			<control type="image" id="999">
				<posx>105</posx>
				<posy>590</posy>
				<width>128</width>
				<height>64</height>
				<aspectratio align="right">keep</aspectratio>
				<texture fallback="empty">$VAR[flag_Studio_alt]</texture>
				<visible>StringCompare(Control.GetLabel(99),empty)</visible>
			</control>
			<!---strip bottom--->
			<control type="group">
				<posx>265</posx>
				<posy>585</posy>
				<control type="group">
					<control type="label">
						<label>$VAR[gallery_Header]</label>
						<font>listBig</font>
						<width>940</width>
						<include>info_TitleSmall</include>
					</control>
					<control type="group">
						<visible>Container.Content(movies) + !IsEmpty(ListItem.Title)</visible>
						<control type="label">
							<posy>28</posy>
							<label>$INFO[ListItem.Genre]</label>
							<width>750</width>
							<include>info_Sub</include>
						</control>
						<control type="label">
							<posy>52</posy>
							<label>$INFO[ListItem.Year,, • ]$INFO[ListItem.Duration,, $LOCALIZE[31100]]</label>
							<width>750</width>
							<include>info_Sub</include>
						</control>
					</control>
					<control type="group">
						<visible>Container.Content(tvshows) + !IsEmpty(ListItem.TVShowTitle)</visible>
						<control type="label">
							<posy>24</posy>
							<label>$INFO[ListItem.Property(UnWatchedEpisodes),, $LOCALIZE[16101] $LOCALIZE[20360]]</label>
							<font>listBig</font>
							<width>750</width>
							<include>info_Sub</include>
						</control>
						<control type="label">
							<posy>47</posy>
							<label>$VAR[tvshow_Info.NextAired]</label>
							<width>750</width>
							<font>listBig</font>
							<include>info_Sub</include>
						</control>
					</control>
				</control>
			</control>
		</control>
		<include>view_Gallery</include>
		<!---fullscreen/expanded---
		<control type="group">
			<posy>475</posy>
			<include>transition_Container</include>
			<include>infoDialogHide</include>
			<animation effect="slide" start="0,600" end="0,0" easing="Out" tween="Quadratic" time="350">Visible</animation>
			<animation effect="slide" start="0,0" end="0,600" easing="Out" tween="Quadratic" time="350">Hidden</animation>
			<visible>[[Control.IsVisible(53) + Control.HasFocus(8000)] | Control.IsVisible(531)] + !ControlGroup(6000).HasFocus()</visible>
			<control type="image">
				<width>1280</width>
				<height>245</height>
				<texture border="0,0,0,15">osd/fullscreenInfo.png</texture>
			</control>
			<control type="group">
				<posx>20</posx>
				<posy>35</posy>
				<control type="label">
					<label>$VAR[global_Title]</label>
					<font>osdTitle</font>
					<aligny>top</aligny>
					<width>1100</width>
					<textcolor>Color4</textcolor>
					<width>screen_Width</width>
				</control>
				<control type="image">
					<posx>1190</posx>
					<posy>4</posy>
					<width>48</width>
					<height>48</height>
					<texture>$INFO[ListItem.VideoResolution,flags/hd/fo-,.png]</texture>
					<colordiffuse>Color4</colordiffuse>
					<aspectratio align="right">keep</aspectratio>
				</control>
				<control type="image">
					<posx>1110</posx>
					<posy>43</posy>
					<width>128</width>
					<height>22</height>
					<texture>$INFO[ListItem.StarRating,rating/fo-,]</texture>
					<colordiffuse>Color4</colordiffuse>
					<aspectratio align="right">keep</aspectratio>
					<visible>!SubString(ListItem.Icon,default)</visible>
				</control>
				<control type="label">
					<posy>40</posy>
					<width>1100</width>
					<label>$INFO[ListItem.Duration,, $LOCALIZE[31100]]$INFO[ListItem.Genre, • ]</label>
					<font>smallerCaps</font>
					<align>left</align>	
					<textcolor>Color4</textcolor>
					<visible>Container.Content(movies)</visible>
				</control>
				<control type="label">
					<posy>40</posy>
					<width>1100</width>
					<label>$VAR[global_Info]</label>
					<font>smallerCaps</font>
					<align>left</align>	
					<textcolor>Color4</textcolor>
					<visible>Container.Content(tvshows) + !SubString(ListItem.Icon,default)</visible>
				</control>
				<control type="image">
					<posx>-250</posx>
					<posy>75</posy>
					<width>1530</width>
					<height>1</height>
					<texture>views/separatorFaded.png</texture>
					<colordiffuse>Color4</colordiffuse>
					<visible>!IsEmpty(ListItem.Title)</visible>
				</control>
				<control type="textbox" id="4">
					<posy>80</posy>
					<width>1240</width>
					<height>115</height>
					<label>$VAR[global_Plot.Condition]</label>
					<textcolor>Color4</textcolor>
					<include>description_Small</include>
					<visible>!SubString(ListItem.Icon,default)</visible>
				</control>
			</control>
		</control>     ---->
		<!---fullscreen/expanded--->
		<control type="group">
			<posy>500</posy>
			<include>transition_Container</include>
			<include>infoDialogHide</include>
			<animation effect="slide" start="0,600" end="0,0" easing="Out" tween="Quadratic" time="350">Visible</animation>
			<animation effect="slide" start="0,0" end="0,600" easing="Out" tween="Quadratic" time="350">Hidden</animation>
			<visible>[[Control.IsVisible(53) + Control.HasFocus(8000)] | Control.IsVisible(531)] + !ControlGroup(6000).HasFocus()</visible>
			<control type="image">
				<width>1280</width>
				<height>220</height>
				<texture border="0,0,0,15">osd/infoOverlay.png</texture>
			</control>
			<control type="image">
				<posy>3</posy>
				<posx>35</posx>
				<width>132</width>
				<height>185</height>
				<align>left</align>
				<texture background="true">$VAR[thumb_Portrait.Condition]</texture>
				<aspectratio>stretch</aspectratio>
			</control>						
			<control type="group">
				<posx>200</posx>
				<posy>13</posy>
				<control type="label">
					<label>$INFO[ListItem.Title]</label>
					<font>osdTitle</font>
					<aligny>top</aligny>
					<width>970</width>
					<textcolor>Color1</textcolor>
					<width>screen_Width</width>
				</control>
				<control type="label">
					<posy>40</posy>
					<width>930</width>
					<label>$INFO[ListItem.Year,,]$INFO[ListItem.Genre, • ]</label>
					<font>smallerCaps</font>
					<align>left</align>	
					<textcolor>Color2</textcolor>
					<visible>Container.Content(movies)</visible>
				</control>
				<control type="label">
					<posy>40</posy>
					<width>930</width>
					<label>$VAR[global_Info]</label>
					<font>smallerCaps</font>
					<align>left</align>	
					<textcolor>Color2</textcolor>
					<visible>Container.Content(tvshows) + !SubString(ListItem.Icon,default)</visible>
				</control>
				<control type="image">
					<posx>920</posx>
					<posy>44</posy>
					<width>128</width>
					<height>22</height>
					<texture>$INFO[ListItem.StarRating,rating/nf-,]</texture>
					<colordiffuse>Color1</colordiffuse>
					<aspectratio align="right">keep</aspectratio>
					<visible>!SubString(ListItem.Icon,default)</visible>
				</control>				
				<control type="textbox" id="1">
					<posy>70</posy>
					<height>97</height>
					<width>1045</width>
					<label>$VAR[global_Plot.Condition]</label>
					<textcolor>Color1</textcolor>
						<font>descriptionbig</font>
					<include>description_OSD</include>
				</control>
 				<control type="image">
					<posx>995</posx>
					<posy>-5</posy>
					<width>55</width>
					<height>55</height>
					<aspectratio align="center">keep</aspectratio>
					<texture>flags/video/HD/nf-HD.png</texture>
					<visible>IntegerGreaterThan(ListItem.VideoResolution,540)</visible>
				</control>		
			<!--<control type="group">
				    <align>right</align>
				    <posx>950</posx>
					<posy>5</posy>
				    <control type="image">
					    <width>110</width>
					    <height>39</height>
					    <texture>$INFO[Listitem.VideoResolution,flags/video/resolution/,.png]</texture>
				    </control>
			    </control>	-->			
			    <control type="group">
				    <posx>1047</posx>
				    <posy>146</posy>
			   	    <control type="image">
						<include condition="Skin.HasSetting(watched.original)">overlay_UnWatchedOriginal</include>
						<include condition="!Skin.HasSetting(watched.original)">overlay_UnWatched</include>
						<visible>!Container.Content(files) + !Skin.HasSetting(watched.alternative)</visible>
					</control>
					<control type="image">
						<include>overlay_Resumable</include>
						<visible>Skin.HasSetting(watched.original)</visible>
					</control>
			    </control>
				<control type="group">
				    <posx>1021</posx>
				    <posy>115</posy>
				   <visible>!Container.Content(files) + Skin.HasSetting(watched.alternative)</visible>
					<control type="image">
						<info>ListItem.Overlay</info>
					</control>
			    </control>
			    <control type="group">
				<posx>960</posx>
				<posy>-5</posy>
				<align>left</align>
				<control type="image" id="9999">
					<width>90</width>
					<height>45</height>
					<texture fallback="empty">$VAR[flag_Studio]</texture>
					<visible>Container.Content(tvshows) + Skin.HasSetting(tvnetworklogos.enable)</visible>
				</control>
				<control type="image" id="99999">
					<width>90</width>
					<height>45</height>
					<texture fallback="empty">$VAR[flag_Studio_alt]</texture>
					<visible>StringCompare(Control.GetLabel(9999),empty) + Container.Content(tvshows) + Skin.HasSetting(tvnetworklogos.enable)</visible>
				</control>
			    </control>						
			</control>
		</control>		
<!---WINDOWMENU------>
		<include>menu_Video</include>
	</controls>
</window>
