﻿<window id="2600">
	<defaultcontrol always="true">50</defaultcontrol>
	<allowoverlay>no</allowoverlay>
	<controls>
		<control type="button" id="50">
			<onleft>6000</onleft>
			<visible allowhiddenfocus="true">false</visible>
		</control>
	<!---backgrounds------>
		
		<control type="multiimage" id="1">
			<include>screen_Dimensions</include>
			<aspectratio>scale</aspectratio>
			<imagepath background="true">$INFO[Skin.String(fanart.weather.path)]/$INFO[Weather.FanartCode]</imagepath>
			<timeperimage>10000</timeperimage>
			<fadetime>850</fadetime>
			<randomize>true</randomize>
			<loop>yes</loop>
			<include>transition_Container</include>
			<visible>Skin.HasSetting(fanart.weather)</visible>
		</control>
		<include>global_Background</include>
		
		<control type="image">
			<aspectratio align="left">stretch</aspectratio>
			<texture>home/menuBackground.png</texture>
			<include>screen_Dimensions</include>
			<include>fadeinout</include>
			<visible>ControlGroup(6000).HasFocus()</visible>
		</control>
	<!--window elements------>
		<control type="group">
			<include>transition_WindowTitle</include>
			<control type="label">
				<posx>34</posx>
				<posy>20</posy>
				<label>$INFO[Window.Property(WeatherProvider)]</label>
				<textcolor>Color1</textcolor>
				<shadowcolor>black</shadowcolor>
				<include>windowTitle</include>
			</control>
			<control type="label">
				<posx>38</posx>
				<posy>58</posy>
				<width>500</width>
				<label>$INFO[Window.Property(Location)]</label>
				<font>smallerCaps</font>
				<textcolor>Color1</textcolor>
				<shadowcolor>black</shadowcolor>
			</control>
			<include>nav_Indicator</include>
			<control type="group">
				<include>toggle_ToastMute</include>
				<visible>![Player.HasMedia + !Skin.HasSetting(overlay.enable)] + ![Window.IsActive(extendedprogressdialog) | Window.IsActive(musicscan) | Window.IsActive(infodialog)]</visible>
				<control type="label">
					<posx>25r</posx>
					<label>$VAR[global_Clock.Formats]</label>
					<font>windowTitle</font>
					<shadowcolor>black</shadowcolor>
					<include>toast_Top</include>
				</control>
				<control type="label">
					<posx>25r</posx>
					<posy>46</posy>
					<label>$INFO[System.Date(DDD)] $INFO[System.Date(d)] $INFO[System.Date(MMM)]</label>
					<font>listBig</font>
					<textcolor>Color1</textcolor>
					<shadowcolor>black</shadowcolor>
					<include>toast_Bottom</include>
				</control>
			</control>
		<!---main container------>
			<control type="group">
				<posx>55</posx>
				<posy>330</posy>
				<include>toggle_Menu</include>
				<include>transition_Container</include>
			<!--current--->
				<control type="group" id="5000">
					<onleft>6000</onleft>
					<animation type="WindowOpen">
						<effect type="fade" start="0" end="95" time="300"/>
					</animation>
					<control type="image">
						<width>230</width>
						<height>345</height>
						<texture border="8">views/column_Single.png</texture>
						<colordiffuse>column2</colordiffuse>
					</control>
					<control type="group">
						<posx>10</posx>
						<posy>10</posy>
						<control type="label">
							<width>210</width>
							<label>$LOCALIZE[31916]</label>
							<font>titleAlt</font>
							<align>center</align>
							<textcolor>Color1</textcolor>
						</control>
						<control type="label">
							<posy>30</posy>
							<width>210</width>
							<label>$INFO[Weather.Conditions]</label>
							<font>smallCaps</font>
							<align>center</align>
						</control>
						<control type="image">
							<posy>75</posy>
							<width>210</width>
							<height>72</height>
							<texture>$INFO[Window.Property(Day0.OutlookIcon)]</texture>
							<aspectratio align="center">keep</aspectratio>
						</control>
						<control type="grouplist">
							<posy>160</posy>
							<orientation>vertical</orientation>
							<itemgap>0</itemgap>
							<control type="label">
								<label>$LOCALIZE[402]: $INFO[Window(Weather).Property(Current.FeelsLike)]$INFO[System.TemperatureUnits]</label>
								<width>210</width>
								<font>smallerCaps</font>
								<align>center</align>
							</control>
							<control type="label">
								<label>$LOCALIZE[405]: $INFO[Window(Weather).Property(Current.DewPoint)]</label>
								<width>210</width>
								<font>smallerCaps</font>
								<align>center</align>
							</control>
							<control type="label">
								<label>$LOCALIZE[406]: $INFO[Window(Weather).Property(Current.Humidity)]</label>
								<width>210</width>
								<font>smallerCaps</font>
								<align>center</align>
							</control>
							<control type="label">
								<label>$LOCALIZE[403]: $INFO[Window(Weather).Property(Current.UVIndex)]</label>
								<width>210</width>
								<font>smallerCaps</font>
								<align>center</align>
							</control>
							<control type="label">
								<label>$LOCALIZE[404]: $INFO[Window(Weather).Property(Current.Wind)]</label>
								<width>210</width>
								<font>smallerCaps</font>
								<align>center</align>
								<aligny>top</aligny>
								<wrapmultiline>true</wrapmultiline>
							</control>
						</control>
					</control>
				</control>
			<!---today--->
				<control type="group">
					<posx>235</posx>
					<animation type="WindowOpen">
						<effect type="fade" start="0" end="95" time="300" delay="100"/>
					</animation>
					<control type="image">
						<width>230</width>
						<height>345</height>
						<texture border="8">views/column_Single.png</texture>
						<colordiffuse>column2</colordiffuse>
					</control>
					<control type="group">
						<posx>10</posx>
						<posy>10</posy>
						<control type="label">
							<width>210</width>
							<label>$INFO[Window.Property(Day0.Title)]</label>
							<font>titleAlt</font>
							<align>center</align>
							<textcolor>Color1</textcolor>
						</control>
						<control type="label">
							<posy>30</posy>
							<width>210</width>
							<label>$INFO[Window.Property(Day0.Outlook)]</label>
							<font>smallCaps</font>
							<align>center</align>
						</control>
						<control type="image">
							<posy>85</posy>
							<width>210</width>
							<height>128</height>
							<texture>$INFO[Window.Property(Day0.OutlookIcon)]</texture>
							<aspectratio align="center">keep</aspectratio>
						</control>
						<control type="label">
							<posy>235</posy>
							<width>210</width>
							<label>high / low</label>
							<font>smallerCaps</font>
							<align>center</align>
						</control>
						<control type="label">
							<posy>260</posy>
							<width>210</width>
							<label>$INFO[Window.Property(Day0.HighTemp)]$INFO[System.TemperatureUnits,, / ]$INFO[Window.Property(Day0.LowTemp)]$INFO[System.TemperatureUnits]</label>
							<font>titleSmall</font>
							<align>center</align>
						</control>
					</control>
				</control>
			<!---day 1--->
				<control type="group">
					<posx>470</posx>
					<animation type="WindowOpen">
						<effect type="fade" start="0" end="95" time="300" delay="200"/>
					</animation>
					<control type="image">
						<width>230</width>
						<height>345</height>
						<texture border="8">views/column_Single.png</texture>
						<colordiffuse>column2</colordiffuse>
					</control>
					<control type="group">
						<posx>10</posx>
						<posy>10</posy>
						<control type="label">
							<width>210</width>
							<label>$INFO[Window.Property(Day1.Title)]</label>
							<font>titleAlt</font>
							<align>center</align>
							<textcolor>Color1</textcolor>
						</control>
						<control type="label">
							<posy>30</posy>
							<width>210</width>
							<label>$INFO[Window.Property(Day1.Outlook)]</label>
							<font>smallCaps</font>
							<align>center</align>
						</control>
						<control type="image">
							<posy>85</posy>
							<width>210</width>
							<height>128</height>
							<texture>$INFO[Window.Property(Day1.OutlookIcon)]</texture>
							<aspectratio align="center">keep</aspectratio>
						</control>
						<control type="label">
							<posy>235</posy>
							<width>210</width>
							<label>high / low</label>
							<font>smallerCaps</font>
							<align>center</align>
						</control>
						<control type="label">
							<posy>260</posy>
							<width>210</width>
							<label>$INFO[Window.Property(Day1.HighTemp)]$INFO[System.TemperatureUnits,, / ]$INFO[Window.Property(Day1.LowTemp)]$INFO[System.TemperatureUnits]</label>
							<font>titleSmall</font>
							<align>center</align>
						</control>
					</control>
				</control>
			<!---day 2--->
				<control type="group">
					<posx>705</posx>
					<animation type="WindowOpen">
						<effect type="fade" start="0" end="95" time="300" delay="300"/>
					</animation>
					<control type="image">
						<width>230</width>
						<height>345</height>
						<texture border="8">views/column_Single.png</texture>
						<colordiffuse>column2</colordiffuse>
					</control>
					<control type="group">
						<posx>10</posx>
						<posy>10</posy>
						<control type="label">
							<width>210</width>
							<label>$INFO[Window.Property(Day2.Title)]</label>
							<font>titleAlt</font>
							<align>center</align>
							<textcolor>Color1</textcolor>
						</control>
						<control type="label">
							<posy>30</posy>
							<width>210</width>
							<label>$INFO[Window.Property(Day2.Outlook)]</label>
							<font>smallCaps</font>
							<align>center</align>
						</control>
						<control type="image">
							<posy>85</posy>
							<width>210</width>
							<height>128</height>
							<texture>$INFO[Window.Property(Day2.OutlookIcon)]</texture>
							<aspectratio align="center">keep</aspectratio>
						</control>
						<control type="label">
							<posy>235</posy>
							<width>210</width>
							<label>high / low</label>
							<font>smallerCaps</font>
							<align>center</align>
						</control>
						<control type="label">
							<posy>260</posy>
							<width>210</width>
							<label>$INFO[Window.Property(Day2.HighTemp)]$INFO[System.TemperatureUnits,, / ]$INFO[Window.Property(Day2.LowTemp)]$INFO[System.TemperatureUnits]</label>
							<font>titleSmall</font>
							<align>center</align>
						</control>
					</control>
				</control>
			<!---day 3--->
				<control type="group">
					<posx>940</posx>
					<animation type="WindowOpen">
						<effect type="fade" start="0" end="95" time="300" delay="400"/>
					</animation>
					<control type="image">
						<width>230</width>
						<height>345</height>
						<texture border="8">views/column_Single.png</texture>
						<colordiffuse>column2</colordiffuse>
					</control>
					<control type="group">
						<posx>10</posx>
						<posy>10</posy>
						<control type="label">
							<width>210</width>
							<label>$INFO[Window.Property(Day3.Title)]</label>
							<font>titleAlt</font>
							<align>center</align>
							<textcolor>Color1</textcolor>
						</control>
						<control type="label">
							<posy>30</posy>
							<width>210</width>
							<label>$INFO[Window.Property(Day3.Outlook)]</label>
							<font>smallCaps</font>
							<align>center</align>
						</control>
						<control type="image">
							<posy>85</posy>
							<width>210</width>
							<height>128</height>
							<texture>$INFO[Window.Property(Day3.OutlookIcon)]</texture>
							<aspectratio align="center">keep</aspectratio>
						</control>
						<control type="label">
							<posy>235</posy>
							<width>210</width>
							<label>high / low</label>
							<font>smallerCaps</font>
							<align>center</align>
						</control>
						<control type="label">
							<posy>260</posy>
							<width>210</width>
							<label>$INFO[Window.Property(Day3.HighTemp)]$INFO[System.TemperatureUnits,, / ]$INFO[Window.Property(Day3.LowTemp)]$INFO[System.TemperatureUnits]</label>
							<font>titleSmall</font>
							<align>center</align>
						</control>
					</control>
				</control>
			</control>
		</control>
	<!---call menu------>
		<include>WeatherMenu</include>
	</controls>
</window>
