﻿<window>
	<allowoverlay>no</allowoverlay>
	<defaultcontrol always="true">9000</defaultcontrol>
	<coordinates>
		<system>1</system>
		<posx>0</posx>
		<posy>0</posy>
	</coordinates>
	<include>global_Background</include>
		<include>global_Includes</include>
	<controls>
		<control type="group">
			<include>transition_BG</include>
			<control type="image">
				<include>screen_Dimensions</include>
				<texture background="true" fallback="backgrounds/movies.jpg">$INFO[Container(111).ListItem.Property(Fanart_Image)]</texture>
				<aspectratio>scale</aspectratio>
				<fadetime>fadetime_Fanart</fadetime>
				<visible>Control.HasFocus(111)</visible>
			</control>
			<control type="image">
				<include>screen_Dimensions</include>
				<texture background="true" fallback="backgrounds/tvshows.jpg">$INFO[Container(121).ListItem.Property(Fanart_Image)]</texture>
				<aspectratio>scale</aspectratio>
				<fadetime>fadetime_Fanart</fadetime>
				<visible>Control.HasFocus(121)</visible>
			</control>
			<control type="image">
				<include>screen_Dimensions</include>
				<texture background="true" fallback="backgrounds/tvshows.jpg">$INFO[Container(131).ListItem.Property(Fanart_Image)]</texture>
				<aspectratio>scale</aspectratio>
				<fadetime>fadetime_Fanart</fadetime>
				<visible>Control.HasFocus(131)</visible>
			</control>
			<control type="image">
				<include>screen_Dimensions</include>
				<texture background="true" fallback="backgrounds/tvshows.jpg">$INFO[Container(141).ListItem.Property(Fanart_Image)]</texture>
				<aspectratio>scale</aspectratio>
				<fadetime>fadetime_Fanart</fadetime>
				<visible>Control.HasFocus(141)</visible>
			</control>
			<control type="image">
				<include>screen_Dimensions</include>
				<texture background="true" fallback="backgrounds/music.jpg">$INFO[Container(151).ListItem.Property(Fanart_Image)]</texture>
				<aspectratio>scale</aspectratio>
				<fadetime>fadetime_Fanart</fadetime>
				<visible>Control.HasFocus(151)</visible>
			</control>
			<control type="image">
				<include>screen_Dimensions</include>
				<texture background="true" fallback="backgrounds/artist.jpg">$INFO[Container(161).ListItem.Property(Fanart_Image)]</texture>
				<aspectratio>scale</aspectratio>
				<fadetime>fadetime_Fanart</fadetime>
				<visible>Control.HasFocus(161)</visible>
			</control>
			<control type="image">
				<include>screen_Dimensions</include>
				<texture background="true" fallback="backgrounds/music.jpg">$INFO[Container(171).ListItem.Property(Fanart_Image)]</texture>
				<aspectratio>scale</aspectratio>
				<fadetime>fadetime_Fanart</fadetime>
				<visible>Control.HasFocus(171)</visible>
			</control>
			<control type="image">
				<include>screen_Dimensions</include>
				<texture background="true" fallback="backgrounds/music.jpg">$INFO[Container(181).ListItem.Property(Fanart_Image)]</texture>
				<aspectratio>scale</aspectratio>
				<fadetime>fadetime_Fanart</fadetime>
				<visible>Control.HasFocus(181)</visible>
			</control>
			<control type="image">
				<aspectratio>scale</aspectratio>
				<include>screen_Dimensions</include>
				<texture background="true">backgrounds/background.png</texture>
			</control>
		</control>

		<!---window title--->
		<control type="group">
			<include>transition_WindowTitle</include>
			<control type="label">
				<label>$LOCALIZE[283]</label>
				<include>windowTitle</include>
				<visible>IsEmpty(Control.GetLabel(190)) + !Control.IsVisible(199)</visible>
			</control>
			<control type="label">
				<label>$LOCALIZE[194]</label>
				<include>windowTitle</include>
				<visible>!IsEmpty(Control.GetLabel(190))</visible>
			</control>
			<control type="label">
				<posx>38</posx>
				<posy>58</posy>
				<label>$INFO[Control.GetLabel(191)]</label>
				<font>smallerCaps</font>
				<visible>!IsEmpty(Control.GetLabel(190))</visible>
			</control>
			<control type="label" id="199">
				<label>$LOCALIZE[284]</label>
			</control>
			<control type="label" id="190">
				<label>-</label>
				<visible>false</visible>
			</control>
			<control type="label" id="191">
				<label>-</label>
				<visible>false</visible>
			</control>
			<control type="button" id="198">
				<posx>38</posx>
				<posy>58</posy>
				<width>500</width>
				<label>-</label>
				<onup>101</onup>
				<ondown>101</ondown>
				<onleft>101</onleft>
				<onright>101</onright>
				<font>smallerCaps</font>
				<textcolor>orange</textcolor>
				<focusedcolor>Color1</focusedcolor>
				<texturefocus>-</texturefocus>
				<texturenofocus>-</texturenofocus>
			</control>
		</control>
		<include>global_Includes</include>
		<control type="image">
			<posx>631</posx>
			<posy>680</posy>
			<width>18</width>
			<height>18</height>
			<texture>navigation/scrollIndicatorDown.png</texture>
			<include>fadeinout</include>
			<visible>Container(101).HasNext</visible>
		</control>

		<control type="group" id="100">
			<!---MAIN CONTAINER--->
			<control type="grouplist" id="101">
				<posy>110</posy>
				<width>1280</width>
				<height>566</height>
				<orientation>vertical</orientation>
				<scrolltime tween="Cubic" easing="Out">400</scrolltime>
				<itemgap>20</itemgap>
				<include>transition_Container</include>
			<!---MOVIES--->
				<control type="group" id="119">
					<width>1280</width>
					<height>270</height>
					<control type="group">
						<posx>30</posx>
						<animation effect="fade" start="100" end="50" time="200" condition="!Control.HasFocus(111)">Conditional</animation>
						<include>globalsearch_Header</include>
					</control>
					<control type="group">
						<posx>41</posx>
						<posy>2</posy>
						<animation effect="fade" start="100" end="50" time="200" condition="!Control.HasFocus(111)">Conditional</animation>
						<control type="label">
							<width>200</width>
							<label>$LOCALIZE[342]</label>
							<font>smallCaps</font>
							<textcolor>Color1</textcolor>
						</control>
						<control type="label">
							<posx>190</posx>
							<width>1100</width>
							<label>$INFO[Container(111).ListItem(0).Label]</label>
							<font>smallCaps</font>
							<textcolor>Color1</textcolor>
						</control>
						<control type="label">
							<posx>1193</posx>
							<width>1100</width>
							<label>$INFO[Container(111).ListItem.Property(Duration),, $LOCALIZE[31100]]$INFO[Container(111).ListItem.Property(Year), • ]</label>
							<align>right</align>
							<font>smallCaps</font>
							<textcolor>Color2</textcolor>
						</control>
					</control>
					<control type="label" id="110">
						<label>-</label>
						<visible>false</visible>
					</control>
					<control type="list" id="111">
						<posy>30</posy>
						<width>1280</width>
						<height>270</height>
						<onleft>111</onleft>
						<onright>111</onright>
						<onup>198</onup>
						<ondown>121</ondown>
						<orientation>horizontal</orientation>
						<preloaditems>2</preloaditems>
						<scrolltime tween="Cubic" easing="Out">400</scrolltime>
						<itemlayout width="178" height="245">
							<control type="image">
								<posx>12</posx>
								<width>182</width>
								<height>245</height>
								<texture border="55">frames/frame_Square.png</texture>
								<aspectratio align="center">stretch</aspectratio>
							</control>
							<control type="image">
								<posx>35</posx>
								<posy>22</posy>
								<width>138</width>
								<height>200</height>
								<texture background="true" fallback="thumbs/movie_portrait.png">$INFO[ListItem.Thumb]</texture>
								<aspectratio align="center">scale</aspectratio>
							</control>
						</itemlayout>
						<focusedlayout width="178" height="245">
							<control type="image">
								<posx>12</posx>
								<width>182</width>
								<height>245</height>
								<texture border="55">frames/frame_Square.png</texture>
								<aspectratio align="center">stretch</aspectratio>
								<visible>!Control.HasFocus(111)</visible>
							</control>
							<control type="image">
								<posx>27</posx>
								<posy>14</posy>
								<width>154</width>
								<height>216</height>
								<texture border="10">views/list-focus-bigAlt.png</texture>
								<visible>Control.HasFocus(111)</visible>
							</control>
							<control type="image">
								<posx>35</posx>
								<posy>22</posy>
								<width>138</width>
								<height>200</height>
								<texture background="true" fallback="thumbs/movie_portrait.png">$INFO[ListItem.Thumb]</texture>
								<aspectratio align="center">scale</aspectratio>
							</control>
						</focusedlayout>
					</control>
				</control>

			<!---TV SHOWS--->
				<control type="group" id="129">
					<width>1280</width>
					<height>270</height>
					<control type="group">
						<posx>30</posx>
						<animation effect="fade" start="100" end="50" time="200" condition="!Control.HasFocus(121)">Conditional</animation>
						<include>globalsearch_Header</include>
					</control>
					<control type="group">
						<posx>41</posx>
						<posy>2</posy>
						<animation effect="fade" start="100" end="50" time="200" condition="!Control.HasFocus(121)">Conditional</animation>
						<control type="label">
							<width>200</width>
							<label>$LOCALIZE[20343]</label>
							<font>smallCaps</font>
							<textcolor>Color1</textcolor>
						</control>
						<control type="label">
							<posx>190</posx>
							<width>1100</width>
							<label>$INFO[Container(121).ListItem(0).Label]</label>
							<font>smallCaps</font>
							<textcolor>Color1</textcolor>
						</control>
						<control type="label">
							<posx>1193</posx>
							<width>1100</width>
							<label>$INFO[Container(121).ListItem.Property(Year)]</label>
							<align>right</align>
							<font>smallCaps</font>
							<textcolor>Color2</textcolor>
						</control>
					</control>
					<control type="label" id="120">
						<label>-</label>
						<visible>false</visible>
					</control>
					<control type="list" id="121">
						<posy>30</posy>
						<width>1280</width>
						<height>270</height>
						<onleft>121</onleft>
						<onright>121</onright>
						<onup>111</onup>
						<ondown>131</ondown>
						<orientation>horizontal</orientation>
						<preloaditems>2</preloaditems>
						<scrolltime tween="Cubic" easing="Out">400</scrolltime>
						<itemlayout width="178" height="245">
							<control type="image">
								<posx>12</posx>
								<width>182</width>
								<height>245</height>
								<texture border="55">frames/frame_Square.png</texture>
								<aspectratio align="center">stretch</aspectratio>
							</control>
							<control type="image">
								<posx>35</posx>
								<posy>22</posy>
								<width>138</width>
								<height>200</height>
								<texture background="true" fallback="thumbs/movie_portrait.png">$INFO[ListItem.Thumb]</texture>
								<aspectratio align="center">scale</aspectratio>
							</control>
						</itemlayout>
						<focusedlayout width="178" height="245">
							<control type="image">
								<posx>12</posx>
								<width>182</width>
								<height>245</height>
								<texture border="55">frames/frame_Square.png</texture>
								<aspectratio align="center">stretch</aspectratio>
								<visible>!Control.HasFocus(121)</visible>
							</control>
							<control type="image">
								<posx>27</posx>
								<posy>14</posy>
								<width>154</width>
								<height>216</height>
								<texture border="10">views/list-focus-bigAlt.png</texture>
								<visible>Control.HasFocus(121)</visible>
							</control>
							<control type="image">
								<posx>35</posx>
								<posy>22</posy>
								<width>138</width>
								<height>200</height>
								<texture background="true" fallback="thumbs/movie_portrait.png">$INFO[ListItem.Thumb]</texture>
								<aspectratio align="center">scale</aspectratio>
							</control>
						</focusedlayout>
					</control>
				</control>

			<!---SEASONS--->
				<control type="group" id="139">
					<width>1200</width>
					<height>270</height>
					<control type="group">
						<posx>30</posx>
						<animation effect="fade" start="100" end="50" time="200" condition="!Control.HasFocus(131)">Conditional</animation>
						<include>globalsearch_Header</include>
					</control>
					<control type="group">
						<posx>41</posx>
						<posy>2</posy>
						<animation effect="fade" start="100" end="50" time="200" condition="!Control.HasFocus(131)">Conditional</animation>
						<control type="label">
							<width>200</width>
							<label>$LOCALIZE[33054]</label>
							<font>smallCaps</font>
							<textcolor>Color1</textcolor>
						</control>
						<control type="label">
							<posx>190</posx>
							<width>1100</width>
							<label>$INFO[Container(131).ListItem(0).Label]</label>
							<font>smallCaps</font>
							<textcolor>Color1</textcolor>
						</control>
						<control type="label">
							<posx>1193</posx>
							<width>1100</width>
							<label>$INFO[Container(131).ListItem.Property(Year)]</label>
							<align>right</align>
							<font>smallCaps</font>
							<textcolor>Color2</textcolor>
						</control>
					</control>
					<control type="label" id="130">
						<label>-</label>
						<visible>false</visible>
					</control>
					<control type="list" id="131">
						<posy>30</posy>
						<width>1280</width>
						<height>270</height>
						<onleft>131</onleft>
						<onright>131</onright>
						<onup>121</onup>
						<ondown>141</ondown>
						<orientation>horizontal</orientation>
						<preloaditems>2</preloaditems>
						<scrolltime tween="Cubic" easing="Out">400</scrolltime>
						<itemlayout width="178" height="245">
							<control type="image">
								<posx>12</posx>
								<width>182</width>
								<height>245</height>
								<texture border="55">frames/frame_Square.png</texture>
								<aspectratio align="center">stretch</aspectratio>
							</control>
							<control type="image">
								<posx>35</posx>
								<posy>22</posy>
								<width>138</width>
								<height>200</height>
								<texture background="true" fallback="thumbs/movie_portrait.png">$INFO[ListItem.Thumb]</texture>
								<aspectratio align="center">scale</aspectratio>
							</control>
						</itemlayout>
						<focusedlayout width="178" height="245">
							<control type="image">
								<posx>12</posx>
								<width>182</width>
								<height>245</height>
								<texture border="55">frames/frame_Square.png</texture>
								<aspectratio align="center">stretch</aspectratio>
								<visible>!Control.HasFocus(131)</visible>
							</control>
							<control type="image">
								<posx>27</posx>
								<posy>14</posy>
								<width>154</width>
								<height>216</height>
								<texture border="10">views/list-focus-bigAlt.png</texture>
								<visible>Control.HasFocus(131)</visible>
							</control>
							<control type="image">
								<posx>35</posx>
								<posy>22</posy>
								<width>138</width>
								<height>200</height>
								<texture background="true" fallback="thumbs/movie_portrait.png">$INFO[ListItem.Thumb]</texture>
								<aspectratio align="center">scale</aspectratio>
							</control>
						</focusedlayout>
					</control>
				</control>

			<!---EPISODES--->
				<control type="group" id="149">
					<width>1200</width>
					<height>270</height>
					<control type="group">
						<posx>30</posx>
						<animation effect="fade" start="100" end="50" time="200" condition="!Control.HasFocus(141)">Conditional</animation>
						<include>globalsearch_Header</include>
					</control>
					<control type="group">
						<posx>41</posx>
						<posy>2</posy>
						<animation effect="fade" start="100" end="50" time="200" condition="!Control.HasFocus(141)">Conditional</animation>
						<control type="label">
							<width>200</width>
							<label>$LOCALIZE[20360]</label>
							<font>smallCaps</font>
							<textcolor>Color1</textcolor>
						</control>
						<control type="label">
							<posx>190</posx>
							<width>1100</width>
							<label>$INFO[Container(141).ListItem(0).Label]</label>
							<font>smallCaps</font>
							<textcolor>Color1</textcolor>
						</control>
						<control type="label">
							<posx>1193</posx>
							<width>1100</width>
							<label>$INFO[Container(141).ListItem.Property(TVShowTitle),, • ]$INFO[Container(141).ListItem.Property(Season),$LOCALIZE[20373] ]$INFO[Container(141).ListItem.Property(Episode), - $LOCALIZE[20359] ]</label>
							<align>right</align>
							<font>smallCaps</font>
							<textcolor>Color2</textcolor>
						</control>
					</control>
					<control type="label" id="140">
						<label>-</label>
						<visible>false</visible>
					</control>
					<control type="list" id="141">
						<posy>30</posy>
						<width>1280</width>
						<height>270</height>
						<onleft>141</onleft>
						<onright>141</onright>
						<onup>131</onup>
						<ondown>151</ondown>
						<orientation>horizontal</orientation>
						<preloaditems>2</preloaditems>
						<scrolltime tween="Cubic" easing="Out">400</scrolltime>
						<itemlayout width="178" height="245">
							<control type="image">
								<posx>12</posx>
								<width>182</width>
								<height>245</height>
								<texture border="55">frames/frame_Square.png</texture>
								<aspectratio align="center">stretch</aspectratio>
							</control>
							<control type="image">
								<posx>35</posx>
								<posy>22</posy>
								<width>138</width>
								<height>200</height>
								<texture background="true" fallback="thumbs/movie_portrait.png">$INFO[ListItem.Thumb]</texture>
								<aspectratio align="center">scale</aspectratio>
							</control>
						</itemlayout>
						<focusedlayout width="178" height="245">
							<control type="image">
								<posx>12</posx>
								<width>182</width>
								<height>245</height>
								<texture border="55">frames/frame_Square.png</texture>
								<aspectratio align="center">stretch</aspectratio>
								<visible>!Control.HasFocus(141)</visible>
							</control>
							<control type="image">
								<posx>27</posx>
								<posy>14</posy>
								<width>154</width>
								<height>216</height>
								<texture border="10">views/list-focus-bigAlt.png</texture>
								<visible>Control.HasFocus(141)</visible>
							</control>
							<control type="image">
								<posx>35</posx>
								<posy>22</posy>
								<width>138</width>
								<height>200</height>
								<texture background="true" fallback="thumbs/movie_portrait.png">$INFO[ListItem.Thumb]</texture>
								<aspectratio align="center">scale</aspectratio>
							</control>
						</focusedlayout>
					</control>
				</control>

			<!---MUSIC VIDEOS--->
				<control type="group" id="159">
					<width>1200</width>
					<height>270</height>
					<control type="group">
						<posx>30</posx>
						<animation effect="fade" start="100" end="50" time="200" condition="!Control.HasFocus(151)">Conditional</animation>
						<include>globalsearch_Header</include>
					</control>
					<control type="group">
						<posx>41</posx>
						<posy>2</posy>
						<animation effect="fade" start="100" end="50" time="200" condition="!Control.HasFocus(151)">Conditional</animation>
						<control type="label">
							<width>200</width>
							<label>$LOCALIZE[20389]</label>
							<font>smallCaps</font>
							<textcolor>Color1</textcolor>
						</control>
						<control type="label">
							<posx>190</posx>
							<width>1100</width>
							<label>$INFO[Container(151).ListItem(0).Label]</label>
							<font>smallCaps</font>
							<textcolor>Color1</textcolor>
						</control>
						<control type="label">
							<posx>1193</posx>
							<width>1100</width>
							<label>$INFO[Container(151).ListItem.Property(Artist)]</label>
							<align>right</align>
							<font>smallCaps</font>
							<textcolor>Color2</textcolor>
						</control>
					</control>
					<control type="label" id="150">
						<label>-</label>
						<visible>false</visible>
					</control>
					<control type="list" id="151">
						<posy>30</posy>
						<width>1280</width>
						<height>270</height>
						<onleft>151</onleft>
						<onright>151</onright>
						<onup>141</onup>
						<ondown>161</ondown>
						<orientation>horizontal</orientation>
						<preloaditems>2</preloaditems>
						<scrolltime tween="Cubic" easing="Out">400</scrolltime>
						<itemlayout width="251" height="300">
							<control type="image">
								<posx>12</posx>
								<width>245</width>
								<height>245</height>
								<texture border="55">frames/frame_Square.png</texture>
								<aspectratio align="center">stretch</aspectratio>
							</control>
							<control type="image">
								<posx>35</posx>
								<posy>22</posy>
								<width>200</width>
								<height>200</height>
								<texture background="true" fallback="thumbs/music.jpg">$INFO[ListItem.Thumb]</texture>
								<aspectratio align="center">scale</aspectratio>
							</control>
						</itemlayout>
						<focusedlayout width="251" height="300">
							<control type="image">
								<posx>12</posx>
								<width>245</width>
								<height>245</height>
								<texture border="55">frames/frame_Square.png</texture>
								<aspectratio align="center">stretch</aspectratio>
								<visible>!Control.HasFocus(151)</visible>
							</control>
							<control type="image">
								<posx>27</posx>
								<posy>14</posy>
								<width>216</width>
								<height>216</height>
								<texture border="10">views/list-focus-bigAlt.png</texture>
								<visible>Control.HasFocus(151)</visible>
							</control>
							<control type="image">
								<posx>35</posx>
								<posy>22</posy>
								<width>200</width>
								<height>200</height>
								<texture background="true" fallback="thumbs/music.jpg">$INFO[ListItem.Thumb]</texture>
								<aspectratio align="center">scale</aspectratio>
							</control>
						</focusedlayout>
					</control>
				</control>

			<!---ARTISTS--->
				<control type="group" id="169">
					<width>1200</width>
					<height>270</height>
					<control type="group">
						<posx>30</posx>
						<animation effect="fade" start="100" end="50" time="200" condition="!Control.HasFocus(161)">Conditional</animation>
						<include>globalsearch_Header</include>
					</control>
					<control type="group">
						<posx>41</posx>
						<posy>2</posy>
						<animation effect="fade" start="100" end="50" time="200" condition="!Control.HasFocus(161)">Conditional</animation>
						<control type="label">
							<width>200</width>
							<label>$LOCALIZE[133]</label>
							<font>smallCaps</font>
							<textcolor>Color1</textcolor>
						</control>
						<control type="label">
							<posx>190</posx>
							<width>1100</width>
							<label>$INFO[Container(161).ListItem(0).Label]</label>
							<font>smallCaps</font>
							<textcolor>Color1</textcolor>
						</control>
						<control type="label">
							<posx>1193</posx>
							<width>1100</width>
							<label>$INFO[Container(161).ListItem.Property(Artist_Genre)]</label>
							<align>right</align>
							<font>smallCaps</font>
							<textcolor>Color2</textcolor>
						</control>
					</control>
					<control type="label" id="160">
						<label>-</label>
						<visible>false</visible>
					</control>
					<control type="list" id="161">
						<posy>30</posy>
						<width>1280</width>
						<height>270</height>
						<onleft>161</onleft>
						<onright>161</onright>
						<onup>151</onup>
						<ondown>171</ondown>
						<orientation>horizontal</orientation>
						<preloaditems>2</preloaditems>
						<scrolltime tween="Cubic" easing="Out">400</scrolltime>
						<itemlayout width="251" height="300">
							<control type="image">
								<posx>12</posx>
								<width>245</width>
								<height>245</height>
								<texture border="55">frames/frame_Square.png</texture>
								<aspectratio align="center">stretch</aspectratio>
							</control>
							<control type="image">
								<posx>35</posx>
								<posy>22</posy>
								<width>200</width>
								<height>200</height>
								<texture background="true" fallback="thumbs/artist.png">$INFO[ListItem.Thumb]</texture>
								<aspectratio align="center">scale</aspectratio>
							</control>
						</itemlayout>
						<focusedlayout width="251" height="300">
							<control type="image">
								<posx>12</posx>
								<width>245</width>
								<height>245</height>
								<texture border="55">frames/frame_Square.png</texture>
								<aspectratio align="center">stretch</aspectratio>
								<visible>!Control.HasFocus(161)</visible>
							</control>
							<control type="image">
								<posx>27</posx>
								<posy>14</posy>
								<width>216</width>
								<height>216</height>
								<texture border="10">views/list-focus-bigAlt.png</texture>
								<visible>Control.HasFocus(161)</visible>
							</control>
							<control type="image">
								<posx>35</posx>
								<posy>22</posy>
								<width>200</width>
								<height>200</height>
								<texture background="true" fallback="thumbs/artist.png">$INFO[ListItem.Thumb]</texture>
								<aspectratio align="center">scale</aspectratio>
							</control>
						</focusedlayout>
					</control>
				</control>

			<!---ALBUMS--->
				<control type="group" id="179">
					<width>1200</width>
					<height>270</height>
					<control type="group">
						<posx>30</posx>
						<animation effect="fade" start="100" end="50" time="200" condition="!Control.HasFocus(171)">Conditional</animation>
						<include>globalsearch_Header</include>
					</control>
					<control type="group">
						<posx>41</posx>
						<posy>2</posy>
						<animation effect="fade" start="100" end="50" time="200" condition="!Control.HasFocus(171)">Conditional</animation>
						<control type="label">
							<width>200</width>
							<label>$LOCALIZE[132]</label>
							<font>smallCaps</font>
							<textcolor>Color1</textcolor>
						</control>
						<control type="label">
							<posx>190</posx>
							<width>1100</width>
							<label>$INFO[Container(171).ListItem(0).Label]</label>
							<font>smallCaps</font>
							<textcolor>Color1</textcolor>
						</control>
						<control type="label">
							<posx>1193</posx>
							<width>1100</width>
							<label>$INFO[Container(171).ListItem.Property(Artist)]</label>
							<align>right</align>
							<font>smallCaps</font>
							<textcolor>Color2</textcolor>
						</control>
					</control>
					<control type="label" id="170">
						<label>-</label>
						<visible>false</visible>
					</control>
					<control type="list" id="171">
						<posy>30</posy>
						<width>1280</width>
						<height>270</height>
						<onleft>171</onleft>
						<onright>171</onright>
						<onup>161</onup>
						<ondown>181</ondown>
						<orientation>horizontal</orientation>
						<preloaditems>2</preloaditems>
						<scrolltime tween="Cubic" easing="Out">400</scrolltime>
						<itemlayout width="251" height="300">
							<control type="image">
								<posx>12</posx>
								<width>245</width>
								<height>245</height>
								<texture border="55">frames/frame_Square.png</texture>
								<aspectratio align="center">stretch</aspectratio>
							</control>
							<control type="image">
								<posx>35</posx>
								<posy>22</posy>
								<width>200</width>
								<height>200</height>
								<texture background="true" fallback="thumbs/album.png">$INFO[ListItem.Thumb]</texture>
								<aspectratio align="center">scale</aspectratio>
							</control>
						</itemlayout>
						<focusedlayout width="251" height="300">
							<control type="image">
								<posx>12</posx>
								<width>245</width>
								<height>245</height>
								<texture border="55">frames/frame_Square.png</texture>
								<aspectratio align="center">stretch</aspectratio>
								<visible>!Control.HasFocus(171)</visible>
							</control>
							<control type="image">
								<posx>27</posx>
								<posy>14</posy>
								<width>216</width>
								<height>216</height>
								<texture border="10">views/list-focus-bigAlt.png</texture>
								<visible>Control.HasFocus(171)</visible>
							</control>
							<control type="image">
								<posx>35</posx>
								<posy>22</posy>
								<width>200</width>
								<height>200</height>
								<texture background="true" fallback="thumbs/album.png">$INFO[ListItem.Thumb]</texture>
								<aspectratio align="center">scale</aspectratio>
							</control>
						</focusedlayout>
					</control>
				</control>

			<!---SONGS--->
				<control type="group" id="189">
					<width>1200</width>
					<height>270</height>
					<control type="group">
						<posx>30</posx>
						<animation effect="fade" start="100" end="50" time="200" condition="!Control.HasFocus(171)">Conditional</animation>
						<include>globalsearch_Header</include>
					</control>
					<control type="group">
						<posx>41</posx>
						<posy>2</posy>
						<animation effect="fade" start="100" end="50" time="200" condition="!Control.HasFocus(181)">Conditional</animation>
						<control type="label">
							<width>200</width>
							<label>$LOCALIZE[134]</label>
							<font>smallCaps</font>
							<textcolor>Color1</textcolor>
						</control>
						<control type="label">
							<posx>190</posx>
							<width>1100</width>
							<label>$INFO[Container(181).ListItem(0).Label]</label>
							<font>smallCaps</font>
							<textcolor>Color1</textcolor>
						</control>
						<control type="label">
							<posx>1193</posx>
							<width>1100</width>
							<label>$INFO[Container(181).ListItem.Property(Artist)]</label>
							<align>right</align>
							<font>smallCaps</font>
							<textcolor>Color2</textcolor>
						</control>
					</control>
					<control type="label" id="180">
						<label>-</label>
						<visible>false</visible>
					</control>
					<control type="list" id="181">
						<posy>30</posy>
						<width>1280</width>
						<height>270</height>
						<onleft>181</onleft>
						<onright>181</onright>
						<onup>171</onup>
						<ondown>-</ondown>
						<orientation>horizontal</orientation>
						<preloaditems>2</preloaditems>
						<scrolltime tween="Cubic" easing="Out">400</scrolltime>
						<itemlayout width="251" height="300">
							<control type="image">
								<posx>12</posx>
								<width>245</width>
								<height>245</height>
								<texture border="55">frames/frame_Square.png</texture>
								<aspectratio align="center">stretch</aspectratio>
							</control>
							<control type="image">
								<posx>35</posx>
								<posy>22</posy>
								<width>200</width>
								<height>200</height>
								<texture background="true" fallback="thumbs/album.png">$INFO[ListItem.Thumb]</texture>
								<aspectratio align="center">scale</aspectratio>
							</control>
						</itemlayout>
						<focusedlayout width="251" height="300">
							<control type="image">
								<posx>12</posx>
								<width>245</width>
								<height>245</height>
								<texture border="55">frames/frame_Square.png</texture>
								<aspectratio align="center">stretch</aspectratio>
								<visible>!Control.HasFocus(181)</visible>
							</control>
							<control type="image">
								<posx>27</posx>
								<posy>14</posy>
								<width>216</width>
								<height>216</height>
								<texture border="10">views/list-focus-bigAlt.png</texture>
								<visible>Control.HasFocus(181)</visible>
							</control>
							<control type="image">
								<posx>35</posx>
								<posy>22</posy>
								<width>200</width>
								<height>200</height>
								<texture background="true" fallback="thumbs/album.png">$INFO[ListItem.Thumb]</texture>
								<aspectratio align="center">scale</aspectratio>
							</control>
						</focusedlayout>
					</control>
				</control>
			</control>
		</control>
	</controls>
</window>
