<!--﻿<window id="59">-->
<window>
	<defaultcontrol always="true">10</defaultcontrol>
	<allowoverlay>yes</allowoverlay>
	<controls>
		<include>global_Background</include>
		<include>global_Includes</include>
		<control type="label">
			<label>$LOCALIZE[5] [COLOR=Color2]$LOCALIZE[166][/COLOR]</label>
			<include>windowTitle</include>
		</control>
<!---CATEGORIES------->
		<control type="grouplist" id="9001">
			<posx>15</posx>
			<posy>125</posy>
			<height>800</height>
			<itemgap>0</itemgap>
			<include>transition_Container</include>
			<!--homescreen-->
			<control type="group">
				<height>50</height>
				<control type="button" id="10">
					<label>$LOCALIZE[31124]</label>
					<onfocus>Skin.SetString(SkinSettings,Home)</onfocus>
					<onup>19</onup>
					<onright>SetFocus(100)</onright>
					<ondown>15</ondown>
					<include>button_Category</include>
				</control>
			</control>
			<!--artwork-->
			<control type="group">
				<height>50</height>
				<control type="button" id="15">
					<label>$LOCALIZE[31127]</label>
					<onfocus>Skin.SetString(SkinSettings,Artwork)</onfocus>
					<onright>600</onright>
					<onup>10</onup>
					<ondown>16</ondown>
					<include>button_Category</include>
				</control>
			</control>
			<!--views-->
			<control type="group">
				<height>50</height>
				<control type="button" id="16">
					<label>$LOCALIZE[31015]</label>
					<onfocus>Skin.SetString(SkinSettings,Views)</onfocus>
					<onright>700</onright>
					<onup>15</onup>
					<ondown>17</ondown>
					<include>button_Category</include>
				</control>
			</control>
			<!--osd-->
			<control type="group">
				<height>50</height>
				<control type="button" id="17">
					<label>$LOCALIZE[32030]</label>
					<onfocus>Skin.SetString(SkinSettings,OSD)</onfocus>
					<onright>750</onright>
					<onup>16</onup>
					<ondown>18</ondown>
					<include>button_Category</include>
				</control>
			</control>
			<!--addons-->
			<control type="group">
				<height>50</height>
				<control type="button" id="18">
					<label>$LOCALIZE[24001]</label>
					<onfocus>Skin.SetString(SkinSettings,Addons)</onfocus>
					<onright>800</onright>
					<onup>17</onup>
					<ondown>19</ondown>
					<include>button_Category</include>
				</control>
			</control>
			<!--other-->
			<control type="group">
				<height>50</height>
				<control type="button" id="19">
					<label>$LOCALIZE[31119]</label>
					<onfocus>Skin.SetString(SkinSettings,Other)</onfocus>
					<onright>900</onright>
					<onup>18</onup>
					<ondown>20</ondown>
					<include>button_Category</include>
				</control>
			</control>
			<!--credits-->
			<control type="group">
				<height>50</height>
				<control type="button" id="20">
					<label>$LOCALIZE[31909] reFocus</label>
					<onfocus>Skin.SetString(SkinSettings,Credits)</onfocus>
					<onup>19</onup>
					<ondown>10</ondown>
					<include>button_Category</include>
				</control>
			</control>
		</control>
<!---HOME SCREEN------>	
		<control type="grouplist" id="100">
			<posx>340</posx>
			<posy>93</posy>
			<width>850</width>
			<height>600</height>
			<onleft>9001</onleft>
			<onright>9001</onright>
			<onup>100</onup>
			<ondown>100</ondown>
			<itemgap>0</itemgap>
			<visible>Skin.String(SkinSettings,Home)</visible>
			<include>transition_Container</include>
			<!--home menu configuration-->
			<control type="button" id="101">
				<label>$LOCALIZE[31031]</label>
				<onfocus>Skin.SetString(SubMenu,Video)</onfocus>
				<onclick>ActivateWindow(61)</onclick>
				<include>button_Settings</include>
			</control>
			<!--backgrounds configuration-->
			<control type="button" id="102">
				<label>$LOCALIZE[32002]</label>
				<onfocus>Skin.SetString(SubMenu,Video)</onfocus>
				<onclick>ActivateWindow(160)</onclick>
				<include>button_Settings</include>
			</control>
			<!--time-->
			<control type="radiobutton" id="103">
				<label>$LOCALIZE[31907]</label>
				<onclick>Skin.ToggleSetting(home.time)</onclick>
				<selected>Skin.HasSetting(home.time)</selected>
				<include>button_Settings</include>
			</control>
			<!--time skin format-->
			<control type="radiobutton" id="104">
				<label>$LOCALIZE[31999]</label>
				<onclick>Skin.ToggleSetting(home.timesmall)</onclick>
				<selected>Skin.HasSetting(home.timesmall)</selected>
				<include>button_Settings</include>
				<visible>Skin.HasSetting(home.time)</visible>
			</control>
			<!--date-->
			<control type="radiobutton" id="105">
				<label>$LOCALIZE[31994]</label>
				<onclick>Skin.ToggleSetting(home.date)</onclick>
				<selected>Skin.HasSetting(home.date)</selected>
				<include>button_Settings</include>
				<visible>Skin.HasSetting(home.time)</visible>
			</control>
			<control type="radiobutton" id="106">
				<label>$LOCALIZE[32018]</label>
				<onclick>Skin.ToggleSetting(home.datewhite)</onclick>
				<selected>Skin.HasSetting(home.datewhite)</selected>
				<include>button_Settings</include>
				<visible>Skin.HasSetting(home.time) + Skin.HasSetting(home.date)</visible>
			</control>
			<!--statistics-->
			<control type="radiobutton" id="107">
				<label>$LOCALIZE[31128]</label>
				<onclick>Skin.ToggleSetting(home.stats)</onclick>
				<selected>Skin.HasSetting(home.stats)</selected>
				<include>button_Settings</include>
			</control>
			<!--search CURRENTLY REMOVED
			<control type="radiobutton" id="110">
				<label>$LOCALIZE[31933]</label>
				<onclick>Skin.ToggleSetting(home.search)</onclick>
				<selected>Skin.HasSetting(home.search)</selected>
				<visible>!Skin.HasSetting(home.widgets)</visible>
				<include>button_Settings</include>
			</control>
			<control type="radiobutton" id="111">
				<label>- $LOCALIZE[31934]</label>
				<onclick>Skin.ToggleSetting(search.addon)</onclick>
				<selected>Skin.HasSetting(search.addon)</selected>
				<visible>Skin.HasSetting(home.search) + !Skin.HasSetting(home.widgets)</visible>
				<include>button_Settings</include>
			</control>-->
			<!--MenuSelect-->
			<control type="radiobutton" id="112">
				<label>$LOCALIZE[32042]</label>
				<onclick>Skin.ToggleSetting(home.menuselect.realaska)</onclick>
				<selected>Skin.HasSetting(home.menuselect.realaska)</selected>
				<include>button_Settings</include>
			</control>
			<!--Extra Animations-->
			<control type="radiobutton" id="113">
				<label>$LOCALIZE[32070]</label>
				<onclick>Skin.ToggleSetting(home.widgets.noanimations)</onclick>
				<selected>Skin.HasSetting(home.widgets.noanimations)</selected>
				<include>button_Settings</include>
			</control>
			<!--Menu Shade-->
			<control type="radiobutton" id="114">
				<label>$LOCALIZE[32300]</label>
				<onclick>Skin.ToggleSetting(home.menushade)</onclick>
				<selected>Skin.HasSetting(home.menushade)</selected>
				<include>button_Settings</include>
			</control>
			<!--widgets-->
			<control type="label" id="115">
				<label>$LOCALIZE[32060]</label>
				<font>category</font>
				<textcolor>Color2</textcolor>
				<include>button_Settings</include>
			</control>
			<!--Home Widgets-->
			<control type="radiobutton" id="116">
				<label>$LOCALIZE[32049]</label>
				<onclick>Skin.ToggleSetting(home.widgets)</onclick>
				<selected>Skin.HasSetting(home.widgets)</selected>
				<include>button_Settings</include>
			</control>
			<!--Disable TV Shows Widget-->
			<control type="radiobutton" id="117">
				<label>$LOCALIZE[32200]</label>
				<onclick>Skin.ToggleSetting(home.widgets.tvshows)</onclick>
				<selected>Skin.HasSetting(home.widgets.tvshows)</selected>
				<include>button_Settings</include>
				<visible>Skin.HasSetting(home.widgets)</visible>
			</control>
			<!--Disable Movies Widget-->
			<control type="radiobutton" id="118">
				<label>$LOCALIZE[32201]</label>
				<onclick>Skin.ToggleSetting(home.widgets.movies)</onclick>
				<selected>Skin.HasSetting(home.widgets.movies)</selected>
				<include>button_Settings</include>
				<visible>Skin.HasSetting(home.widgets)</visible>
			</control>
			<!--Disable Music Widget-->
			<control type="radiobutton" id="119">
				<label>$LOCALIZE[32202]</label>
				<onclick>Skin.ToggleSetting(home.widgets.music)</onclick>
				<selected>Skin.HasSetting(home.widgets.music)</selected>
				<include>button_Settings</include>
				<visible>Skin.HasSetting(home.widgets)</visible>
			</control>
			<!--Disable Addons Widget-->
			<control type="radiobutton" id="120">
				<label>$LOCALIZE[32203]</label>
				<onclick>Skin.ToggleSetting(home.widgets.addons)</onclick>
				<selected>Skin.HasSetting(home.widgets.addons)</selected>
				<include>button_Settings</include>
				<visible>Skin.HasSetting(home.widgets)</visible>
			</control>
			<!--Disable Weather Widget-->
			<control type="radiobutton" id="121">
				<label>$LOCALIZE[32204]</label>
				<onclick>Skin.ToggleSetting(home.widgets.weather)</onclick>
				<selected>Skin.HasSetting(home.widgets.weather)</selected>
				<include>button_Settings</include>
				<visible>Skin.HasSetting(home.widgets)</visible>
			</control>
			
			<!--Home Widgets-->
			<control type="radiobutton" id="122">
				<label>$LOCALIZE[32025]</label>
				<onclick>Skin.ToggleSetting(home.widgets.lightopacity)</onclick>
				<onclick>Skin.ToggleSetting(home.widgets.medopacity)</onclick>
				<selected>Skin.HasSetting(home.widgets.lightopacity)</selected>
				<visible>Skin.HasSetting(home.widgets)</visible>
				<include>button_Settings</include>
			</control>
			<!--Home Widgets-->
			<control type="radiobutton" id="123">
				<label>$LOCALIZE[32026]</label>
				<onclick>Skin.ToggleSetting(home.widgets.medopacity)</onclick>
				<onclick>Skin.ToggleSetting(home.widgets.lightopacity)</onclick>
				<selected>!Skin.HasSetting(home.widgets.medopacity)</selected>
				<visible>Skin.HasSetting(home.widgets)</visible>
				<include>button_Settings</include>
			</control>
			<!--Home Widgets-->
			<control type="radiobutton" id="124">
				<label>$LOCALIZE[32050]</label>
				<onclick>Skin.ToggleSetting(home.widgets.watchlist)</onclick>
				<onclick>Skin.Reset(home.widgets.watchlistrecent)</onclick>
				<onclick>Skin.Reset(home.widgets.watchlistposters)</onclick>
				<onclick>Skin.Reset(home.widgets.recentposters)</onclick>
				<selected>Skin.HasSetting(home.widgets.watchlist)</selected>
				<visible>Skin.HasSetting(home.widgets)</visible>
				<include>button_Settings</include>
			</control>
			<!--Use Posters on Recommended Items-->
			<control type="radiobutton" id="125">
				<label>$LOCALIZE[32059]</label>
				<onclick>Skin.ToggleSetting(home.widgets.watchlistposters)</onclick>
				<selected>Skin.HasSetting(home.widgets.watchlistposters)</selected>
				<onclick>Skin.Reset(home.widgets.recentposters)</onclick>
				<visible>Skin.HasSetting(home.widgets) + [Skin.HasSetting(home.widgets.watchlist) | Skin.HasSetting(home.widgets.watchlistrecent)] + !Skin.HasSetting(home.widgets.watchlistrecent)</visible>
				<include>button_Settings</include>
			</control>
			<!--Use Fanart on Recent Movies-->
			<control type="radiobutton" id="126">
				<label>$LOCALIZE[32206]</label>
				<onclick>Skin.ToggleSetting(home.widgets.recentfanartmovies)</onclick>
				<selected>Skin.HasSetting(home.widgets.recentfanartmovies)</selected>
				<onclick>Skin.Reset(home.widgets.watchlistfanartmovies)</onclick>
				<visible>Skin.HasSetting(home.widgets) + ![Skin.HasSetting(home.widgets.watchlist)] + !Skin.HasSetting(home.widgets.watchlistrecent)</visible>
				<include>button_Settings</include>
			</control>
			<!--Use Fanart on Recommended Movies-->
			<control type="radiobutton" id="127">
				<label>$LOCALIZE[32207]</label>
				<onclick>Skin.ToggleSetting(home.widgets.watchlistfanartmovies)</onclick>
				<selected>Skin.HasSetting(home.widgets.watchlistfanartmovies)</selected>
				<onclick>Skin.Reset(home.widgets.recentfanartmovies)</onclick>
				<visible>Skin.HasSetting(home.widgets) + [Skin.HasSetting(home.widgets.watchlist) | Skin.HasSetting(home.widgets.watchlistrecent)] + !Skin.HasSetting(home.widgets.watchlistrecent)</visible>
				<include>button_Settings</include>
			</control>
			<!--Use Posters on Recent Items-->
			<control type="radiobutton" id="128">
				<label>$LOCALIZE[32205]</label>
				<onclick>Skin.ToggleSetting(home.widgets.recentposters)</onclick>
				<selected>Skin.HasSetting(home.widgets.recentposters)</selected>
				<onclick>Skin.Reset(home.widgets.watchlistposters)</onclick>
				<visible>Skin.HasSetting(home.widgets) + ![Skin.HasSetting(home.widgets.watchlist)] + !Skin.HasSetting(home.widgets.watchlistrecent)</visible>
				<include>button_Settings</include>
			</control>
			<!--Home Widgets-->
			<control type="radiobutton" id="129">
				<label>$LOCALIZE[32056]</label>
				<onclick>Skin.ToggleSetting(home.widgets.watchlistrecent)</onclick>
				<onclick>Skin.Reset(home.widgets.watchlist)</onclick>
				<selected>Skin.HasSetting(home.widgets.watchlistrecent)</selected>
				<visible>Skin.HasSetting(home.widgets)</visible>
				<include>button_Settings</include>
			</control>
			<!--Use Posters on Recommended Items-->
			<control type="radiobutton" id="130">
				<label>$LOCALIZE[32059]</label>
				<onclick>Skin.ToggleSetting(home.widgets.watchlistpostersdouble)</onclick>
				<selected>Skin.HasSetting(home.widgets.watchlistpostersdouble)</selected>
				<visible>Skin.HasSetting(home.widgets) + Skin.HasSetting(home.widgets.watchlistrecent)</visible>
				<include>button_Settings</include>
			</control>
			<!--Use Posters on Recent Items-->
			<control type="radiobutton" id="131">
				<label>$LOCALIZE[32205]</label>
				<onclick>Skin.ToggleSetting(home.widgets.recentpostersdouble)</onclick>
				<selected>Skin.HasSetting(home.widgets.recentpostersdouble)</selected>
				<visible>Skin.HasSetting(home.widgets) + Skin.HasSetting(home.widgets.watchlistrecent)</visible>
				<include>button_Settings</include>
			</control>
			<!--Home Widgets-->
			<control type="radiobutton" id="132">
				<label>$LOCALIZE[32100]</label>
				<onclick>Skin.ToggleSetting(home.widgets.nofanart)</onclick>
				<selected>Skin.HasSetting(home.widgets.nofanart)</selected>
				<visible>Skin.HasSetting(home.widgets)</visible>
				<include>button_Settings</include>
			</control>
		</control>
<!---ARTWORK------>
		<control type="grouplist" id="600">
			<posx>340</posx>
			<posy>93</posy>
			<width>850</width>
			<height>605</height>
			<onleft>9001</onleft>
			<onright>9001</onright>
			<onup>600</onup>
			<ondown>600</ondown>
			<itemgap>0</itemgap>
			<visible>Skin.String(SkinSettings,Artwork)</visible>
			<include>transition_Container</include>
			<control type="label" id="601">
				<label>$LOCALIZE[31016]</label>
				<font>category</font>
				<textcolor>Color2</textcolor>
				<include>button_Settings</include>
			</control>
			<!--extra fanart-->
			<control type="radiobutton" id="602">
				<label>$LOCALIZE[32036]</label>
				<onclick>Skin.ToggleSetting(fanart.extra)</onclick>
				<selected>Skin.HasSetting(fanart.extra)</selected>
				<include>button_Settings</include>
			</control>
			<!--animate backgrounds-->
			<control type="radiobutton" id="603">
				<label>$LOCALIZE[32037]</label>
				<onclick>Skin.ToggleSetting(fanart.animate)</onclick>
				<selected>Skin.HasSetting(fanart.animate)</selected>
				<include>button_Settings</include>
			</control>
			<control type="radiobutton" id="604">
				<label>$LOCALIZE[32038]</label>
				<onclick>Skin.ToggleSetting(fanart.animateslow)</onclick>
				<selected>Skin.HasSetting(fanart.animateslow)</selected>
				<include>button_Settings</include>
				<visible>Skin.HasSetting(fanart.animate)</visible>
			</control>
			<!--visualization fanart-->
			<control type="radiobutton" id="606">
				<label>$LOCALIZE[31120]</label>
				<onclick>Skin.ToggleSetting(fanart.visualization)</onclick>
				<onclick>Skin.ToggleSetting(fanart.visualization.blend)</onclick>
				<selected>Skin.HasSetting(fanart.visualization)</selected>
				<include>button_Settings</include>
			</control>
			<control type="radiobutton" id="607">
				<label>- $LOCALIZE[31126]</label>
				<onclick>Skin.ToggleSetting(fanart.visualization.blend)</onclick>
				<selected>Skin.HasSetting(fanart.visualization.blend)</selected>
				<visible>Skin.HasSetting(fanart.visualization)</visible>
				<enable>Skin.HasSetting(fanart.visualization)</enable>
				<include>button_Settings</include>
			</control>
			<control type="label" id="610">
				<label>$LOCALIZE[31119]</label>
				<font>category</font>
				<textcolor>Color2</textcolor>
				<include>button_Settings</include>
			</control>
			<!--banners-->
			<control type="radiobutton" id="611">
				<label>$LOCALIZE[31066]</label>
				<onclick>Skin.ToggleSetting(banners.enable)</onclick>
				<selected>Skin.HasSetting(banners.enable)</selected>
				<include>button_Settings</include>
			</control>
			<!--<control type="radiobutton" id="612">
				<label>- $LOCALIZE[31067]</label>
				<onclick>Skin.ToggleSetting(banners.local)</onclick>
				<selected>Skin.HasSetting(banners.local)</selected>
				<include>button_Settings</include>
				<visible>Skin.HasSetting(banners.enable)</visible>
			</control>-->
			<control type="button" id="613">
				<label>- $LOCALIZE[31129]</label>
				<onclick>XBMC.RunScript(script.artwork.downloader, mode=custom, mediatype=tvshow, silent=true,banner)</onclick>
				<include>button_Settings</include>
				<visible>Skin.HasSetting(banners.enable) + Skin.HasSetting(banners.local)</visible>
				<enable>System.HasAddon(script.artwork.downloader)</enable>
			</control>
			<!--tv show logos-->
			<control type="radiobutton" id="614">
				<label>$LOCALIZE[31972]</label>
				<onclick>Skin.ToggleSetting(tvshowlogos.enable)</onclick>
				<selected>Skin.HasSetting(tvshowlogos.enable)</selected>
				<include>button_Settings</include>
			</control>
			<control type="button" id="615">
				<label>- $LOCALIZE[31130]</label>
				<onclick>XBMC.RunScript(script.artwork.downloader, mode=custom, mediatype=tvshow, silent=true,clearlogo)</onclick>
				<include>button_Settings</include>
				<visible>Skin.HasSetting(tvshowlogos.enable)</visible>
				<enable>System.HasAddon(script.artwork.downloader)</enable>
			</control>
			<!--tv network logos-->
			<control type="radiobutton" id="616">
				<label>$LOCALIZE[32020]</label>
				<onclick>Skin.ToggleSetting(tvnetworklogos.enable)</onclick>
				<selected>Skin.HasSetting(tvnetworklogos.enable)</selected>
				<include>button_Settings</include>
			</control>
			<control type="radiobutton" id="617">
				<label>$LOCALIZE[32103]</label>
				<onclick>Skin.ToggleSetting(removelogos.enable)</onclick>
				<selected>Skin.HasSetting(removelogos.enable)</selected>
				<include>button_Settings</include>
			</control>
			
			
			<!--studio and network logos
			<control type="radiobutton" id="617">
				<label>$LOCALIZE[32101]</label>
				<onclick>Skin.ToggleSetting(studionetwork.enable)</onclick>
				<selected>!Skin.HasSetting(studionetwork.enable)</selected>
				<include>button_Settings</include>
			</control>
			<control type="radiobutton" id="618">
				<label>$LOCALIZE[32102]</label>
				<onclick>Skin.ToggleSetting(studionetworkosd.enable)</onclick>
				<selected>!Skin.HasSetting(studionetworkosd.enable)</selected>
				<include>button_Settings</include>-->
			
			<control type="radiobutton" id="619">
				<label>$LOCALIZE[31132]</label>
				<onclick>Skin.ToggleSetting(gallery.extrafanart)</onclick>
				<include>button_Settings</include>
				<selected>Skin.HasSetting(gallery.extrafanart)</selected>
			</control>
			<control type="button" id="620">
				<label>- $LOCALIZE[31131]</label>
				<onclick>XBMC.runscript(script.artwork.downloader, mode=custom, extrafanart)</onclick>
				<include>button_Settings</include>
				<visible>Skin.HasSetting(gallery.extrafanart)</visible>
				<enable>System.HasAddon(script.artwork.downloader)</enable>
			</control>
			<!-- artist logos -->
			<control type="radiobutton" id="621">
				<label>$LOCALIZE[31995]</label>
				<onclick>Skin.ToggleSetting(artistlogo.enable)</onclick>
				<selected>Skin.HasSetting(artistlogo.enable)</selected>
				<include>button_Settings</include>
			</control>
			<!-- set path music folder -->
			<control type="button" id="622">
				<label>$LOCALIZE[31996]</label>
				<onclick>Skin.SetPath(artistlogo.path)</onclick>
				<label2>[COLOR=Color2]$INFO[Skin.String(artistlogo.path)][/COLOR]</label2>
				<enable>Skin.HasSetting(artistlogo.enable)</enable>
				<include>button_Settings</include>
				<visible>Skin.HasSetting(artistlogo.enable)</visible>
			</control>
		</control>
<!---VIEW SETTINGS------>					
		<control type="grouplist" id="700">
			<posx>340</posx>
			<posy>93</posy>
			<width>850</width>
			<height>605</height>
			<onleft>9001</onleft>
			<onright>9001</onright>
			<onup>700</onup>
			<ondown>700</ondown>
			<itemgap>0</itemgap>
			<visible>Skin.String(SkinSettings,Views)</visible>
			<include>transition_Container</include>
			<!--scrollbars-->
			<control type="radiobutton" id="701">
				<label>21383</label>
				<onclick>Skin.ToggleSetting(scrollbar.enable)</onclick>
				<selected>Skin.HasSetting(scrollbar.enable)</selected>
				<include>button_Settings</include>
			</control>
			<control type="radiobutton" id="702">
				<label>- $LOCALIZE[31055]</label>
				<onclick>Skin.ToggleSetting(scrollbar.hide)</onclick>
				<selected>Skin.HasSetting(scrollbar.hide)</selected>
				<enable>Skin.HasSetting(scrollbar.enable)</enable>
				<include>button_Settings</include>
				<visible>Skin.HasSetting(scrollbar.enable)</visible>
			</control>
			<!--menu indicator-->
			<control type="radiobutton" id="703">
				<label>$LOCALIZE[31053]</label>
				<onclick>Skin.ToggleSetting(indicator.enable)</onclick>
				<selected>Skin.HasSetting(indicator.enable)</selected>
				<include>button_Settings</include>
			</control>
			<!--item count-->
			<control type="radiobutton" id="704">
				<label>$LOCALIZE[31040]</label>
				<onclick>Skin.ToggleSetting(numitems.enable)</onclick>
				<selected>Skin.HasSetting(numitems.enable)</selected>
				<include>button_Settings</include>
			</control>
			<!--sortletter-->
			<control type="radiobutton" id="705">
				<label>$LOCALIZE[31037]</label>
				<onclick>Skin.ToggleSetting(sortletter.enable)</onclick>
				<selected>Skin.HasSetting(sortletter.enable)</selected>
				<include>button_Settings</include>
			</control>
			<!--media overlays-->
			<control type="radiobutton" id="706">
				<label>$LOCALIZE[31025]</label>
				<onclick>Skin.ToggleSetting(overlay.enable)</onclick>
				<selected>!Skin.HasSetting(overlay.enable)</selected>
				<include>button_Settings</include>
			</control>
			<control type="radiobutton" id="707">
				<label>$LOCALIZE[32028]</label>
				<onclick>Skin.ToggleSetting(watched.alternative)</onclick>
				<onclick>Skin.Reset(watched.original)</onclick>
				<selected>Skin.HasSetting(watched.alternative)</selected>
				<include>button_Settings</include>
			</control>
			<control type="radiobutton" id="708">
				<label>$LOCALIZE[32400]</label>
				<onclick>Skin.ToggleSetting(watched.original)</onclick>
				<onclick>Skin.Reset(watched.alternative)</onclick>
				<selected>Skin.HasSetting(watched.original)</selected>
				<include>button_Settings</include>
			</control>
			<control type="radiobutton" id="709">
				<label>$LOCALIZE[31922]</label>
				<onclick>Skin.ToggleSetting(overlay.movies)</onclick>
				<selected>Skin.HasSetting(overlay.movies)</selected>
				<include>button_Settings</include>
				<visible>Skin.HasSetting(watched.original)</visible>
			</control>
			<control type="radiobutton" id="710">
				<label>$LOCALIZE[31921]</label>
				<onclick>Skin.ToggleSetting(overlay.tvshows)</onclick>
				<selected>Skin.HasSetting(overlay.tvshows)</selected>
				<include>button_Settings</include>
				<visible>Skin.HasSetting(watched.original)</visible>
			</control>
			<control type="radiobutton" id="711">
				<label>$LOCALIZE[31924]</label>
				<onclick>Skin.ToggleSetting(overlay.episodes)</onclick>
				<selected>Skin.HasSetting(overlay.episodes)</selected>
				<include>button_Settings</include>
				<visible>Skin.HasSetting(watched.original)</visible>
			</control>
			<control type="radiobutton" id="712">
				<label>$LOCALIZE[31920]</label>
				<onclick>Skin.ToggleSetting(overlay.files)</onclick>
				<selected>Skin.HasSetting(overlay.files)</selected>
				<include>button_Settings</include>
				<visible>Skin.HasSetting(watched.original)</visible>
			</control>
			<control type="radiobutton" id="713">
				<label>$LOCALIZE[31918]</label>
				<onclick>Skin.ToggleSetting(overlay.resumable)</onclick>
				<selected>Skin.HasSetting(overlay.resumable)</selected>
				<include>button_Settings</include>
				<visible>Skin.HasSetting(watched.original)</visible>
			</control>-->
			<!--background video-->
			<control type="radiobutton" id="714">
				<label>$LOCALIZE[31028]</label>
				<onclick>Skin.ToggleSetting(backgroundvideo)</onclick>
				<selected>Skin.HasSetting(backgroundvideo)</selected>
				<include>button_Settings</include>
			</control>
		</control>
		<!--OSD-->
			<control type="grouplist" id="750">
			<posx>340</posx>
			<posy>93</posy>
			<width>850</width>
			<height>605</height>
			<onleft>9001</onleft>
			<onright>9001</onright>
			<onup>750</onup>
			<ondown>750</ondown>
			<itemgap>0</itemgap>
			<visible>Skin.String(SkinSettings,OSD)</visible>
			<include>transition_Container</include>
			<!--realaska video osd-->
			<control type="radiobutton" id="751">
				<label>$LOCALIZE[31997]</label>
				<onclick>Skin.ToggleSetting(videoosd.realaska)</onclick>
				<onclick>Skin.Reset(videoosd.xperience1080)</onclick>
				<selected>Skin.HasSetting(videoosd.realaska)</selected>
				<include>button_Settings</include>
			</control>
			<control type="radiobutton" id="752">
				<label>$LOCALIZE[31998]</label>
				<onclick>Skin.ToggleSetting(osd.progressbarrealaska)</onclick>
				<selected>Skin.HasSetting(osd.progressbarrealaska)</selected>
				<include>button_Settings</include>
				<visible>Skin.HasSetting(videoosd.realaska)</visible>
			</control>
			<!--xperience1080 video osd-->
			<control type="radiobutton" id="753">
				<label>$LOCALIZE[32023]</label>
				<onclick>Skin.ToggleSetting(videoosd.xperience1080)</onclick>
				<onclick>Skin.Reset(videoosd.realaska)</onclick>
				<selected>Skin.HasSetting(videoosd.xperience1080)</selected>
				<include>button_Settings</include>
			</control>
			<!--xperience1080 video osd-->
			<control type="radiobutton" id="754">
				<label>$LOCALIZE[32032]</label>
				<onclick>Skin.ToggleSetting(videoosd.xperience1080MediaName)</onclick>
				<selected>Skin.HasSetting(videoosd.xperience1080MediaName)</selected>
				<visible>Skin.HasSetting(videoosd.xperience1080)</visible>
				<include>button_Settings</include>
			</control>
			<!--xperience1080 video osd-->
			<control type="radiobutton" id="755">
				<label>$LOCALIZE[32034]</label>
				<onclick>Skin.ToggleSetting(videoosd.xperience1080progressbottom)</onclick>
				<selected>Skin.HasSetting(videoosd.xperience1080progressbottom)</selected>
				<visible>Skin.HasSetting(videoosd.xperience1080)</visible>
				<include>button_Settings</include>
			</control>
			<!--xperience1080 video osd-->
			<control type="radiobutton" id="756">
				<label>$LOCALIZE[32044]</label>
				<onclick>Skin.ToggleSetting(videoosd.xperience1080minimal)</onclick>
				<selected>Skin.HasSetting(videoosd.xperience1080minimal)</selected>
				<visible>Skin.HasSetting(videoosd.xperience1080)</visible>
				<include>button_Settings</include>
			</control>
			<!--Chapters-->
			<control type="radiobutton" id="757">
				<label>$LOCALIZE[32031]</label>
				<onclick>Skin.ToggleSetting(videoosd.showchapters)</onclick>
				<selected>Skin.HasSetting(videoosd.showchapters)</selected>
				<include>button_Settings</include>
			</control>
			<!--Posters-->
			<control type="radiobutton" id="758">
				<label>$LOCALIZE[32035]</label>
				<onclick>Skin.ToggleSetting(videoosd.showposter)</onclick>
				<onclick>Skin.Reset(videoosd.showfolderjpg)</onclick>
				<onclick>PlayerControl(stop)</onclick>
				<selected>Skin.HasSetting(videoosd.showposter)</selected>
				<include>button_Settings</include>
			</control>
			<!--folder.jpg-->
			<control type="radiobutton" id="759">
				<label>$LOCALIZE[32043]</label>
				<onclick>Skin.ToggleSetting(videoosd.showfolderjpg)</onclick>
				<onclick>PlayerControl(stop)</onclick>
				<selected>Skin.HasSetting(videoosd.showfolderjpg)</selected>
				<include>button_Settings</include>
				<visible>Skin.HasSetting(videoosd.showposter)</visible>
			</control>
			<!--Glow-->
			<control type="radiobutton" id="760">
				<label>$LOCALIZE[32039]</label>
				<onclick>Skin.ToggleSetting(videoosd.glow)</onclick>
				<onclick>Skin.Reset(videoosd.glow.gray)</onclick>
				<onclick>Skin.Reset(videoosd.glow.black)</onclick>
				<selected>Skin.HasSetting(videoosd.glow)</selected>
				<include>button_Settings</include>
				<visible>!Skin.HasSetting(videoosd.xperience1080)</visible>
			</control>
			<!--Glow-->
			<control type="radiobutton" id="761">
				<label>$LOCALIZE[32040]</label>
				<onclick>Skin.ToggleSetting(videoosd.glow.gray)</onclick>
				<onclick>Skin.Reset(videoosd.glow.black)</onclick>
				<selected>Skin.HasSetting(videoosd.glow.gray)</selected>
				<visible>Skin.HasSetting(videoosd.glow) + !Skin.HasSetting(videoosd.xperience1080)</visible>
				<include>button_Settings</include>
			</control>
			<!--Glow-->
			<control type="radiobutton" id="762">
				<label>$LOCALIZE[32041]</label>
				<onclick>Skin.ToggleSetting(videoosd.glow.black)</onclick>
				<onclick>Skin.Reset(videoosd.glow.gray)</onclick>
				<selected>Skin.HasSetting(videoosd.glow.black)</selected>
				<visible>Skin.HasSetting(videoosd.glow) + !Skin.HasSetting(videoosd.xperience1080)</visible>
				<include>button_Settings</include>
			</control>
		</control>
<!--ADDONS-->
		<control type="grouplist" id="800">
			<posx>340</posx>
			<posy>93</posy>
			<width>850</width>
			<height>605</height>
			<onleft>9001</onleft>
			<onright>9001</onright>
			<onup>800</onup>
			<ondown>800</ondown>
			<itemgap>0</itemgap>
			<visible>Skin.String(SkinSettings,Addons)</visible>
			<include>transition_Container</include>
			<!--watchlist
			<control type="radiobutton" id="801">
				<label>$LOCALIZE[31082]</label>
				<onclick>Skin.ToggleSetting(watchlist.disable)</onclick>
				<selected>Skin.HasSetting(watchlist.disable)</selected>
				<include>button_Settings</include>
			</control>
			<control type="radiobutton" id="802">
				<label>$LOCALIZE[32090]</label>
				<onclick>Skin.ToggleSetting(watchlist.refresh)</onclick>
				<selected>Skin.HasSetting(watchlist.refresh)</selected>
				<visible>!Skin.HasSetting(watchlist.disable)</visible>
				<include>button_Settings</include>
			</control>-->
			<!--search CURRENTLY REMOVED
			<control type="radiobutton" id="802">
				<label>$LOCALIZE[31934]</label>
				<onclick>Skin.ToggleSetting(search.addon)</onclick>
				<selected>Skin.HasSetting(search.addon)</selected>
				<visible>!Skin.HasSetting(home.widgets)</visible>
				<include>button_Settings</include>
			</control>-->
			<!--artistslideshow-->
			<control type="radiobutton" id="803">
				<label>$LOCALIZE[32001]</label>
				<onclick>Skin.ToggleSetting(background-slideshow)</onclick>
				<selected>Skin.HasSetting(background-slideshow)</selected>
				<enable>System.HasAddon(script.artistslideshow)</enable>
				<visible>System.HasAddon(script.artistslideshow)</visible>
				<include>button_Settings</include>
			</control>
			<!--artistslideshow zoom-->
			<control type="radiobutton" id="804">
				<label>$LOCALIZE[32029]</label>
				<onclick>Skin.ToggleSetting(background-slideshow-zoom)</onclick>
				<selected>Skin.HasSetting(background-slideshow-zoom)</selected>
				<enable>System.HasAddon(script.artistslideshow)</enable>
				<visible>System.HasAddon(script.artistslideshow) + Skin.HasSetting(background-slideshow)</visible>
				<include>button_Settings</include>
			</control>
			<!--tvtunes-->
			<control type="radiobutton" id="805">
				<label>$LOCALIZE[32009]</label>
				<onclick>Skin.ToggleSetting(tvtunes.addon)</onclick>
				<selected>Skin.HasSetting(tvtunes.addon)</selected>
				<enable>System.HasAddon(script.tvtunes)</enable>
				<visible>System.HasAddon(script.tvtunes)</visible>
				<include>button_Settings</include>
			</control>
			<control type="button" id="806">
				<label>- $LOCALIZE[32010]</label>
				<onclick>XBMC.RunScript(script.tvtunes)</onclick>
				<include>button_Settings</include>
				<visible>Skin.HasSetting(tvtunes.addon)</visible>
				<enable>System.HasAddon(script.tvtunes)</enable>
			</control>

		</control>
<!---OTHER------>
		<control type="grouplist" id="900">
			<posx>340</posx>
			<posy>93</posy>
			<width>850</width>
			<height>605</height>
			<onleft>9001</onleft>
			<onright>9001</onright>
			<onup>900</onup>
			<ondown>900</ondown>
			<itemgap>0</itemgap>
			<visible>Skin.String(SkinSettings,Other)</visible>
			<include>transition_Container</include>
			<!--backspace to home-->
			<control type="radiobutton" id="901">
				<label>$LOCALIZE[32000]</label>
				<onclick>Skin.ToggleSetting(backspacehome.enable)</onclick>
				<selected>Skin.HasSetting(backspacehome.enable)</selected>
				<include>button_Settings</include>
			</control>
			<!--smooth scrolling-->
			<control type="radiobutton" id="902">
				<label>$LOCALIZE[31060]</label>
				<onclick>Skin.ToggleSetting(smoothscrolling.enable)</onclick>
				<selected>Skin.HasSetting(smoothscrolling.enable)</selected>
				<include>button_Settings</include>
			</control>
			<!--progressbar-->
			<control type="radiobutton" id="903">
				<label>$LOCALIZE[31917]</label>
				<onclick>Skin.ToggleSetting(osd.progressbar)</onclick>
				<selected>Skin.HasSetting(osd.progressbar)</selected>
				<include>button_Settings</include>
			</control>
			<!--keyboard-->
			<control type="radiobutton" id="904">
				<label>$LOCALIZE[31035]</label>
				<onclick>Skin.ToggleSetting(keyboard.enable)</onclick>
				<selected>!Skin.HasSetting(keyboard.enable)</selected>
				<include>button_Settings</include>
			</control>
			<!--kiosk mode-->
			<control type="radiobutton" id="905">
				<label>$LOCALIZE[31964]</label>
				<onclick>Skin.ToggleSetting(global.kiosk)</onclick>
				<selected>Skin.HasSetting(global.kiosk)</selected>
				<include>button_Settings</include>
			</control>
			<!--intro
			<control type="radiobutton" id="906">
				<label>$LOCALIZE[31058]</label>
				<onclick>Skin.ToggleSetting(intro.enable)</onclick>
				<selected>!Skin.HasSetting(intro.enable)</selected>
				<include>button_Settings</include>
			</control>-->
			<!--opacity-->
			<control type="label" id="908">
				<label>$LOCALIZE[32024]</label>
				<font>category</font>
				<textcolor>Color2</textcolor>
				<include>button_Settings</include>
			</control>
			<control type="radiobutton" id="909">
				<label>$LOCALIZE[32062]</label>
				<onclick>Skin.ToggleSetting(background.opacity.enabled)</onclick>
				<onclick>Skin.SetString(background.opacity,100)</onclick>
				<selected>Skin.HasSetting(background.opacity.enabled)</selected>
				<include>button_Settings</include>
			</control>
			<control type="radiobutton" id="910">
				<label>$LOCALIZE[32033]</label>
				<onclick>Skin.ToggleSetting(background.opacitymediaonly)</onclick>
				<selected>Skin.HasSetting(background.opacitymediaonly)</selected>
				<include>button_Settings</include>
				<visible>Skin.HasSetting(background.opacity.enabled)</visible>
			</control>
			<control type="label" id="911">
				<label>$LOCALIZE[32061]: ([COLOR=Color2]$INFO[Skin.String(background.opacity)]%[/COLOR])</label>
				<font>normal</font>
				<include>button_Settings</include>
				<visible>Skin.HasSetting(background.opacity.enabled)</visible>
			</control>
			<control type="button" id="912">
				<label>- 100%</label>
				<onclick>Skin.SetString(background.opacity,100)</onclick>
				<selected>Skin.HasSetting(background.opacity)</selected>
				<include>button_Settings</include>
				<visible>Skin.HasSetting(background.opacity.enabled)</visible>
			</control>
			<control type="button" id="913">
				<label>- 90%</label>
				<onclick>Skin.SetString(background.opacity,90)</onclick>
				<selected>Skin.HasSetting(background.opacity)</selected>
				<include>button_Settings</include>
				<visible>Skin.HasSetting(background.opacity.enabled)</visible>
			</control>
			<control type="button" id="914">
				<label>- 80%</label>
				<onclick>Skin.SetString(background.opacity,80)</onclick>
				<selected>Skin.HasSetting(background.opacity)</selected>
				<include>button_Settings</include>
				<visible>Skin.HasSetting(background.opacity.enabled)</visible>
			</control>
			<control type="button" id="915">
				<label>- 70%</label>
				<onclick>Skin.SetString(background.opacity,70)</onclick>
				<selected>Skin.HasSetting(background.opacity)</selected>
				<include>button_Settings</include>
				<visible>Skin.HasSetting(background.opacity.enabled)</visible>
			</control>
			<control type="button" id="916">
				<label>- 60%</label>
				<onclick>Skin.SetString(background.opacity,60)</onclick>
				<selected>Skin.HasSetting(background.opacity)</selected>
				<include>button_Settings</include>
				<visible>Skin.HasSetting(background.opacity.enabled)</visible>
			</control>
			<control type="button" id="917">
				<label>- 50%</label>
				<onclick>Skin.SetString(background.opacity,50)</onclick>
				<selected>Skin.HasSetting(background.opacity)</selected>
				<include>button_Settings</include>
				<visible>Skin.HasSetting(background.opacity.enabled)</visible>
			</control>
			<control type="button" id="918">
				<label>- 40%</label>
				<onclick>Skin.SetString(background.opacity,40)</onclick>
				<selected>Skin.HasSetting(background.opacity)</selected>
				<include>button_Settings</include>
				<visible>Skin.HasSetting(background.opacity.enabled)</visible>
			</control>
			<control type="button" id="919">
				<label>- 30%</label>
				<onclick>Skin.SetString(background.opacity,30)</onclick>
				<selected>Skin.HasSetting(background.opacity)</selected>
				<include>button_Settings</include>
				<visible>Skin.HasSetting(background.opacity.enabled)</visible>
			</control>
			<control type="button" id="920">
				<label>- 20%</label>
				<onclick>Skin.SetString(background.opacity,20)</onclick>
				<selected>Skin.HasSetting(background.opacity)</selected>
				<include>button_Settings</include>
				<visible>Skin.HasSetting(background.opacity.enabled)</visible>
			</control>
			<control type="button" id="921">
				<label>- 10%</label>
				<onclick>Skin.SetString(background.opacity,10)</onclick>
				<selected>Skin.HasSetting(background.opacity)</selected>
				<include>button_Settings</include>
				<visible>Skin.HasSetting(background.opacity.enabled)</visible>
			</control>
		</control>
<!---SKIN CREDITS------>					
		<control type="group" id="1000">
			<posx>370</posx>
			<posy>85</posy>
			<visible>Skin.String(SkinSettings,Credits)</visible>
			<include>transition_Container</include>
			<control type="textbox">
				<label>31000</label>
				<width>850</width>
				<height>680</height>
				<onleft>15</onleft>
				<align>left</align>
				<autoscroll time="1000" delay="5000" repeat="5000">true</autoscroll>
				<textcolor>Color1</textcolor>
				<font>smallAlt</font>
				<include>textBox</include>
			</control>
		</control>
<!---IMAGES------>
		<control type="image">
			<posx>90</posx>
			<posy>590</posy>
			<width>224</width>
			<texture>logos/refocuslogo.png</texture>
			<aspectratio align="right">keep</aspectratio>
			<include>transition_Container</include>
		</control>
		<control type="image">
			<posx>311</posx>
			<height>1080</height>
			<width>29</width>
			<texture>settings/separator.png</texture>
			<aspectratio align="right">stretch</aspectratio>
			<include>transition_Container</include>
		</control>
	</controls>
</window>
