﻿<window id="136">
	<defaultcontrol always="true">22</defaultcontrol>
	<allowoverlay>no</allowoverlay>
	<include>dialogOpen</include>
	<coordinates>
		<system>1</system>
		<posx>290</posx>
		<posy>45</posy>
	</coordinates>
	<controls>
		<control type="group">
			<control type="image">
				<width>700</width>
				<height>645</height>
				<include>dialogWindow</include>
			</control>
			<control type="label" id="2">
				<description>heading label</description>
				<width>632</width>
				<label>21432</label>
				<include>dialog_Windowtitle</include>
			</control>
			<control type="group">
				<posx>19</posx>
				<posy>75</posy>
				<control type="image">
					<width>663</width>
					<include>dialog_Separator</include>
				</control>
				<!---name & type--->
				<control type="group">
					<!--set playlist type-->
					<control type="spincontrolex" id="22">
						<posy>0</posy>
						<width>663</width>
						<height>40</height>
						<label>467</label>
						<onleft>22</onleft>
						<onright>9000</onright>
						<onup>19</onup>
						<ondown>12</ondown>
						<include>dialog_Spin</include>
					</control>
					<!--set playlist name-->
					<control type="edit" id="12">
						<posy>40</posy>
						<width>663</width>
						<height>40</height>
						<onup>22</onup>
						<ondown>10</ondown>
						<onleft>-</onleft>
						<onright>9000</onright>
						<label>551</label>
						<hinttext>16012</hinttext>
						<textoffsetx>15</textoffsetx>
						<aligny>center</aligny>
						<height>40</height>
						<font>smallAlt</font>
						<textcolor>Color4</textcolor>
						<focusedcolor>Color1</focusedcolor>
						<pulseonselect>false</pulseonselect>
						<texturefocus border="3">dialogs/list-focus.png</texturefocus>
						<texturenofocus border="3">dialogs/list-nofocus.png</texturenofocus>
					</control>
				</control>
				<!---rules--->
				<control type="group">
					<posy>95</posy>
					<control type="label">
						<width>720</width>
						<label>[B]$LOCALIZE[21434]:[/B]</label>
						<font>smallerCaps</font>
						<include>dialog_Button-list</include>
					</control>
					<control type="image">
						<posy>40</posy>
						<width>663</width>
						<include>dialog_Separator</include>
					</control>
					<control type="image">
						<posy>80</posy>
						<width>663</width>
						<include>dialog_Separator</include>
					</control>
					<control type="image">
						<posy>120</posy>
						<width>663</width>
						<include>dialog_Separator</include>
					</control>
					<control type="image">
						<posy>160</posy>
						<width>663</width>
						<include>dialog_Separator</include>
					</control>
					<!--rules list control-->
					<control type="list" id="10">
						<posy>40</posy>
						<width>543</width>
						<height>120</height>
						<onleft>9000</onleft>
						<onright>9000</onright>
						<onup>12</onup>
						<ondown>16</ondown>
						<itemlayout height="40">
							<control type="label">
								<width>543</width>
								<info>ListItem.Label</info>
								<focusedcolor>Selected</focusedcolor>
								<include>dialog_CommonListItem</include>
							</control>
						</itemlayout>
						<focusedlayout height="40">
							<control type="image">
								<width>543</width>
								<height>40</height>
								<texture border="3">dialogs/list-focus.png</texture>
								<visible>Control.HasFocus(10)</visible>
							</control>
							<control type="label">
								<width>512</width>
								<info>ListItem.Label</info>
								<textcolor>Color4</textcolor>
								<focusedcolor>Selected</focusedcolor>
								<include>dialog_CommonListItemFocus</include>
								<visible>!Control.HasFocus(10)</visible>
							</control>
							<control type="label">
								<width>512</width>
								<info>ListItem.Label</info>
								<include>dialog_CommonListItemFocus</include>
								<visible>Control.HasFocus(10)</visible>
							</control>
						</focusedlayout>
					</control>
					<!---list controls--->
					<control type="group" id="9000">
						<posx>543</posx>
						<posy>40</posy>
						<animation effect="slide" end="0,40" time="0" condition="Container(10).Row(1)">Conditional</animation>
						<animation effect="slide" end="0,80" time="0" condition="Container(10).Row(2)">Conditional</animation>
						<animation effect="slide" end="0,120" time="0" condition="Container(10).Row(3)">Conditional</animation>
						<control type="image">
							<posx>0</posx>
							<posy>1</posy>
							<height>39</height>
							<include>dialog_Separator-y</include>
						</control>
						<control type="image">
							<posx>40</posx>
							<posy>1</posy>
							<height>39</height>
							<include>dialog_Separator-y</include>
						</control>
						<control type="image">
							<posx>80</posx>
							<posy>1</posy>
							<height>39</height>
							<include>dialog_Separator-y</include>
						</control>
						<control type="image">
							<posx>120</posx>
							<posy>1</posy>
							<height>39</height>
							<include>dialog_Separator-y</include>
						</control>
						<!--edit rule button-->
						<control type="button" id="15">
							<label>-</label>
							<onleft>10</onleft>
							<onright>14</onright>
							<onup>10</onup>
							<ondown>10</ondown>
							<texturenofocus border="0">dialogs/button_Inline-edit.png</texturenofocus>
							<texturefocus border="0">dialogs/button_Inline-edit-focus.png</texturefocus>
							<include>dialog_Button-inline</include>
						</control>
						<!--remove rule button-->
						<control type="button" id="14">
							<posx>40</posx>
							<label>-</label>
							<onleft>15</onleft>
							<onright>13</onright>
							<onup>10</onup>
							<ondown>10</ondown>
							<texturenofocus border="0">dialogs/button_Inline-remove.png</texturenofocus>
							<texturefocus border="0">dialogs/button_Inline-remove-focus.png</texturefocus>
							<include>dialog_Button-inline</include>
						</control>
						<!--add rule button-->
						<control type="button" id="13">
							<posx>80</posx>
							<label>-</label>
							<onleft>14</onleft>
							<onright>-</onright>
							<onup>10</onup>
							<ondown>10</ondown>
							<texturenofocus border="0">dialogs/button_Inline-add.png</texturenofocus>
							<texturefocus border="0">dialogs/button_Inline-add-focus.png</texturefocus>
							<include>dialog_Button-inline</include>
						</control>
					</control>
				</control>
				<!---options--->
				<control type="group">
					<posy>271</posy>
					<control type="label" id="0">
						<posy>0</posy>
						<width>512</width>
						<height>40</height>
						<label>[B]$LOCALIZE[31111]:[/B]</label>
						<font>smallerCaps</font>
						<include>dialog_Button-list</include>
					</control>
					<control type="image">
						<posy>40</posy>
						<width>663</width>
						<include>dialog_Separator</include>
					</control>
					<control type="group" id="9002">
						<posy>0</posy>
						<control type="spincontrolex" id="16">
							<width>663</width>
							<label>21424</label>
							<onleft>16</onleft>
							<onright>9001</onright>
							<onup>10</onup>
							<ondown>17</ondown>
							<height>40</height>
							<include>dialog_Spin</include>
						</control>
						<control type="spincontrolex" id="17">
							<posy>40</posy>
							<width>663</width>
							<label>21427</label>
							<onleft>17</onleft>
							<onright>9001</onright>
							<onup>16</onup>
							<ondown>18</ondown>
							<height>40</height>
							<include>dialog_Spin</include>
						</control>
						<control type="spincontrolex" id="18">
							<posy>80</posy>
							<width>663</width>
							<label>21429</label>
							<onleft>19</onleft>
							<onright>9001</onright>
							<onup>17</onup>
							<ondown>19</ondown>
							<height>40</height>
							<include>dialog_Spin</include>
						</control>
						<control type="togglebutton" id="19">
							<posy>120</posy>
							<width>663</width>
							<label>21431</label>
							<altlabel>21430</altlabel>
							<alttexturefocus>dialogs/list-focus.png</alttexturefocus>
							<alttexturenofocus>dialogs/list-nofocus.png</alttexturenofocus>
							<onleft>18</onleft>
							<onright>9001</onright>
							<onup>18</onup>
							<ondown>9001</ondown>
							<height>40</height>
							<include>dialog_Spin</include>
						</control>
					</control>
				</control>
			</control>
		</control>
		<!---confirm buttons--->
		<control type="group" id="9001">
			<posx>418</posx>
			<posy>570</posy>
			<!--ok-->
			<control type="button" id="20">
				<label>$LOCALIZE[186]</label>
				<onleft>9002</onleft>
				<onright>-</onright>
				<onup>14</onup>
				<ondown>21</ondown>
				<include>dialog_Button</include>
			</control>
			<!--cancel-->
			<control type="button" id="21">
				<posx>130</posx>
				<label>$LOCALIZE[222]</label>
				<onleft>9002</onleft>
				<onright>-</onright>
				<onup>20</onup>
				<ondown>15</ondown>
				<include>dialog_Button</include>
			</control>
		</control>
	</controls>
</window>