﻿<window>
	<defaultcontrol always="true">11</defaultcontrol>
	<allowoverlay>no</allowoverlay>
		 <onload condition="Stringcompare(Skin.String(startupcount),2)">Skin.SetString(startupcount,3)</onload>
    <onload condition="Stringcompare(Skin.String(startupcount),1)">Skin.SetString(startupcount,2)</onload>
    <onload condition="IsEmpty(Skin.String(startupcount))">Skin.SetString(startupcount,1)</onload>
	 <onload condition="Library.HasContent(tvshows)">XBMC.RunScript(script.tv.show.next.aired,silent=True)</onload>
	 <onload condition="System.HasAddon(plugin.image.mypicsdb)">XBMC.RunScript(plugin.image.mypicsdb,0,?action='setproperties'&amp;method='Random'&amp;sort='Added'&amp;limit=10)</onload>
	 <onload>AlarmClock(GotToHome,SetFocus(9000),00:04,silent)</onload>
    <onload>ClearProperty(FocusOnSubmenu,home)</onload>
    <onunload>CancelAlarm(GotToHome,true)</onunload>
	<animation type="WindowClose" reversible="false">
		<effect type="fade" start="100" end="0" time="800" />
	</animation>
	<animation type="WindowOpen" reversible="false">
		<effect type="fade" start="0" end="100" delay="1000" time="800" />
	</animation>
	<controls>
		<control type="button" id="9000">
            <onfocus>ReplaceWindow(Home)</onfocus>
            <include>HiddenObject</include>
        </control>
		<control type="image">
			<include>screen_Dimensions</include>
			<texture background="true">backgrounds/background.png</texture>
		</control>
			<control type="image">
				<posx>475</posx>
				<posy>320</posy>
				<width>320</width>
				<height>65</height>
				<texture>logos/refocuslogo.png</texture>
				<aspectratio>keep</aspectratio>
				<animation effect="fade" start="70" time="1500" condition="true" pulse="true">Conditional</animation>
			</control>
	</controls>
</window>
