﻿<window id="125" type="dialog">
	<defaultcontrol always="true">2</defaultcontrol>
	<include>dialogOpen</include>
	<coordinates>
		<system>1</system>
		<posx>224</posx>
		<posy>180</posy>
	</coordinates>
	<controls>
		<control type="group">	
			<control type="image" id="1">
				<include>dialogWindow</include>
				<width>832</width>
				<height>360</height>
			</control>
			<control type="label">
				<description>heading label</description>
				<width>764</width>
				<label>$INFO[Container(11).NumItems] $LOCALIZE[298]</label>
				<include>dialog_Windowtitle</include>
			</control>
			<control type="group">
				<posx>19</posx>
				<posy>75</posy>
				<control type="image">
					<width>795</width>
					<include>dialog_Separator</include>
				</control>
				<control type="image">
					<posy>149</posy>
					<width>795</width>
					<include>dialog_Separator</include>
				</control>
				<control type="image">
					<posy>189</posy>
					<width>795</width>
					<include>dialog_Separator</include>
				</control>
				<control type="list" id="11">
					<width>795</width>
					<height>200</height>
					<onleft>11</onleft>
					<onright>11</onright>
					<onup>-</onup>
					<ondown>2</ondown>
					<scrolltime tween="Cubic" easing="Out">400</scrolltime>
					<orientation>horizontal</orientation>
					<include>fadeinout</include>
					<itemlayout width="265" height="149">
						<control type="largeimage">
							<width>265</width>
							<height>149</height>
							<texture>$INFO[ListItem.Thumb]</texture>
							<aspectratio>scale</aspectratio>
							<animation effect="fade" start="100" end="45" time="100" condition="!Control.HasFocus(11)">Conditional</animation>
						</control>
						<control type="label">
							<posx>132</posx>
							<posy>155</posy>
							<width>265</width>
							<align>center</align>
							<label>$INFO[ListItem.Label]</label>
							<font>normal</font>
							<textcolor>Color4</textcolor>
							<animation effect="fade" start="100" end="45" time="100" condition="!Control.HasFocus(11)">Conditional</animation>
						</control>
					</itemlayout>
					<focusedlayout width="265" height="149">
						<control type="largeimage">
							<width>265</width>
							<height>149</height>
							<texture>$INFO[ListItem.Thumb]</texture>
							<aspectratio>scale</aspectratio>
							<animation effect="fade" start="100" end="45" time="100" condition="!Control.HasFocus(11)">Conditional</animation>
						</control>
						<control type="image">
							<posx>110</posx>
							<posy>125</posy>
							<width>45</width>
							<height>45</height>
							<texture>views/nav_Y.png</texture>
							<include>bookmarks_Scroll</include>
							<visible>Control.HasFocus(11)</visible>
						</control>
						<control type="label">
							<posx>132</posx>
							<posy>155</posy>
							<width>265</width>
							<align>center</align>
							<label>$INFO[ListItem.Label]</label>
							<font>normal</font>
							<textcolor>Color4</textcolor>
							<animation effect="fade" start="100" end="45" time="100" condition="!Control.HasFocus(11)">Conditional</animation>
						</control>
					</focusedlayout>	
				</control>
			</control>
			<control type="group" id="999">
				<posx>231</posx>
				<posy>283</posy>
				<include>fadeinout</include>
				<control type="button" id="2">
					<width>180</width>
					<label>294</label>
					<onleft>4</onleft>
					<onright>3</onright>
					<onup>11</onup>
					<ondown>-</ondown>
					<include>dialog_Button</include>
				</control>
				<control type="button" id="3">
					<posx>190</posx>
					<width>180</width>
					<label>296</label>
					<onleft>2</onleft>
					<onright>4</onright>
					<onup>11</onup>
					<ondown>-</ondown>
					<include>dialog_Button</include>
				</control>
			</control>
		</control>
	</controls>
</window>