﻿<window type="dialog" id="2901">
	<defaultcontrol always="true">3</defaultcontrol>
	<controls>
		<control type="group">
			<include>controls_Video</include>
			<visible>!Skin.HasSetting(videoosd.xperience1080)</visible>
		</control>
	
	  <control type="group">
           <visible>Skin.HasSetting(videoosd.xperience1080)</visible>
            <include>NowPlayingFullscreenOSD</include>
            <control type="group">
		<visible>!Skin.HasSetting(videoosd.xperience1080minimal)</visible>
                <!-- control buttons -->
                <posx>2</posx>
                <posy>645</posy>
                <animation effect="slide" start="0,0" end="0,-665" time="400" tween="sine" easing="inout" condition="Skin.HasSetting(VideoOSD.OnTop)">Conditional</animation>
		<control type="image" id="1">
			<posx>118</posx>
			<posy>18</posy>
			<width>1040</width>
			<height>90</height>
			<texture border="24">osd/infoOverlayBlack_Xperience_OSD.png</texture>
			<visible>Player.HasVideo + ![VideoPlayer.Content(musicvideos) | VideoPlayer.Content(files)]</visible>
		</control>
		<control type="image" id="1">
			<posy>18</posy>
			<width>1280</width>
			<height>90</height>
			<texture border="24">osd/infoOverlayBlack_Xperience_OSD.png</texture>
			<visible>Player.HasAudio | VideoPlayer.Content(musicvideos) | VideoPlayer.Content(files)</visible>
		</control>
			<control type="button" id="11">
		            <description>Audio Settings</description>
		            <posx>107</posx>
		            <height>100</height>
		            <width>122</width>
		            <texturefocus>osd/fullscreen/buttons/audio-settings-fo.png</texturefocus>
		            <texturenofocus>osd/fullscreen/buttons/audio-settings-nofo.png</texturenofocus>
		            <onclick>activatewindow(124)</onclick>
		            <onup>Skin.SetBool(VideoOSD.OnTop)</onup>
		            <ondown>Skin.Reset(VideoOSD.OnTop)</ondown>
		            <onleft>9</onleft>
		            <onright>12</onright>
		        </control>
		        <control type="button" id="12">
		            <description>Video Settings</description>
		            <posx>197</posx>
		            <height>100</height>
		            <width>100</width>
		            <texturefocus>osd/fullscreen/buttons/video-settings-fo.png</texturefocus>
		            <texturenofocus>osd/fullscreen/buttons/video-settings-nofo.png</texturenofocus>
		            <onclick>activatewindow(123)</onclick>
		            <onup>Skin.SetBool(VideoOSD.OnTop)</onup>
		            <ondown>Skin.Reset(VideoOSD.OnTop)</ondown>
		            <onleft>11</onleft>
		            <onright>10</onright>
		        </control>
		        <control type="button" id="10">
		            <description>DVD Menu</description>
		            <posx>271</posx>
		            <height>100</height>
		            <width>100</width>
		            <texturefocus>osd/fullscreen/buttons/dvd-fo.png</texturefocus>
		            <texturenofocus>osd/fullscreen/buttons/dvd-nofo.png</texturenofocus>
		            <onclick>PlayerControl(ShowVideoMenu)</onclick>
		            <enable>VideoPlayer.HasMenu</enable>
		            <onleft>12</onleft>
		            <onright>1</onright>
		            <onup>Skin.SetBool(VideoOSD.OnTop)</onup>
		            <ondown>Skin.Reset(VideoOSD.OnTop)</ondown>
		            <animation effect="fade" start="100" end="50" time="150" tween="sine" easing="inout" condition="!VideoPlayer.HasMenu">Conditional</animation>
		        </control>
		        <control type="button" id="1">
		            <description>Skip Back</description>
		            <posx>361</posx>
		            <height>100</height>
		            <width>100</width>
		            <texturefocus>osd/fullscreen/buttons/previous-fo.png</texturefocus>
		            <texturenofocus>osd/fullscreen/buttons/previous-nofo.png</texturenofocus>
		            <onclick>playercontrol(previous)</onclick>
		            <onup>Skin.SetBool(VideoOSD.OnTop)</onup>
		            <ondown>Skin.Reset(VideoOSD.OnTop)</ondown>
		            <onleft>10</onleft>
		            <onright>2</onright>
		        </control>
		        <control type="togglebutton" id="2">
		            <description>Rewind</description>
		            <posx>451</posx>
		            <height>100</height>
		            <width>100</width>
		            <texturefocus>osd/fullscreen/buttons/rewind-fo.png</texturefocus>
		            <texturenofocus>osd/fullscreen/buttons/rewind-nofo.png</texturenofocus>
		            <usealttexture>Player.Rewinding</usealttexture>
		            <alttexturefocus>osd/fullscreen/buttons/rewind-on-fo.png</alttexturefocus>
		            <alttexturenofocus>osd/fullscreen/buttons/rewind-on-nofo.png</alttexturenofocus>
		            <onclick>playercontrol(rewind)</onclick>
		            <onup>Skin.SetBool(VideoOSD.OnTop)</onup>
		            <ondown>Skin.Reset(VideoOSD.OnTop)</ondown>
		            <onleft>1</onleft>
		            <onright>3</onright>
		        </control>
		        <control type="togglebutton" id="3">
		            <description>Play / Pause</description>
		            <posx>541</posx>
		            <height>100</height>
		            <width>100</width>
		            <texturefocus>osd/fullscreen/buttons/pause-fo.png</texturefocus>
		            <texturenofocus>osd/fullscreen/buttons/pause-nofo.png</texturenofocus>
		            <usealttexture>Player.Paused | Player.Forwarding | Player.Rewinding</usealttexture>
		            <alttexturefocus>osd/fullscreen/buttons/play-fo.png</alttexturefocus>
		            <alttexturenofocus>osd/fullscreen/buttons/play-nofo.png</alttexturenofocus>
		            <onclick>playercontrol(play)</onclick>
		            <onup>Skin.SetBool(VideoOSD.OnTop)</onup>
		            <ondown>Skin.Reset(VideoOSD.OnTop)</ondown>
		            <onleft>2</onleft>
		            <onright>4</onright>
		        </control>
		        <control type="button" id="4">
		            <description>stop</description>
		            <posx>631</posx>
		            <height>100</height>
		            <width>100</width>
		            <texturefocus>osd/fullscreen/buttons/stop-fo.png</texturefocus>
		            <texturenofocus>osd/fullscreen/buttons/stop-nofo.png</texturenofocus>
		            <onclick>playercontrol(stop)</onclick>
		            <onup>Skin.SetBool(VideoOSD.OnTop)</onup>
		            <ondown>Skin.Reset(VideoOSD.OnTop)</ondown>
		            <onleft>3</onleft>
		            <onright>5</onright>
		        </control>
		        <control type="togglebutton" id="5">
		            <description>Forward</description>
		            <posx>721</posx>
		            <height>100</height>
		            <width>100</width>
		            <texturefocus>osd/fullscreen/buttons/fast-forward-fo.png</texturefocus>
		            <texturenofocus>osd/fullscreen/buttons/fast-forward-nofo.png</texturenofocus>
		            <usealttexture>Player.Forwarding</usealttexture>
		            <alttexturefocus>osd/fullscreen/buttons/fast-forward-on-fo.png</alttexturefocus>
		            <alttexturenofocus>osd/fullscreen/buttons/fast-forward-on-nofo.png</alttexturenofocus>
		            <onclick>playercontrol(forward)</onclick>
		            <onup>Skin.SetBool(VideoOSD.OnTop)</onup>
		            <ondown>Skin.Reset(VideoOSD.OnTop)</ondown>
		            <onleft>4</onleft>
		            <onright>6</onright>
		        </control>
		        <control type="button" id="6">
		            <description>Skip Forward</description>
		            <posx>811</posx>
		            <height>100</height>
		            <width>100</width>
		            <texturefocus>osd/fullscreen/buttons/next-fo.png</texturefocus>
		            <texturenofocus>osd/fullscreen/buttons/next-nofo.png</texturenofocus>
		            <onclick>playercontrol(next)</onclick>
		            <onup>Skin.SetBool(VideoOSD.OnTop)</onup>
		            <ondown>Skin.Reset(VideoOSD.OnTop)</ondown>
		            <onleft>5</onleft>
		            <onright>7</onright>
		        </control>
		        <control type="togglebutton" id="7">
		            <description>Subtitles</description>
		            <posx>910</posx>
		            <height>100</height>
		            <width>100</width>
		            <texturefocus>osd/fullscreen/buttons/subtitles-fo.png</texturefocus>
		            <texturenofocus>osd/fullscreen/buttons/subtitles-nofo.png</texturenofocus>
		            <alttexturefocus>osd/fullscreen/buttons/subtitles-fo.png</alttexturefocus>
		            <alttexturenofocus>osd/fullscreen/buttons/subtitles-nofo.png</alttexturenofocus>
		            <onclick>Close</onclick>
		            <onclick>XBMC.RunScript($INFO[Skin.String(SubtitleScript_Path)])</onclick>
		            <altclick>Skin.SetAddon(SubtitleScript_Path,xbmc.python.subtitles)</altclick>
		            <altclick>Close</altclick>
		            <altclick>XBMC.RunScript($INFO[Skin.String(SubtitleScript_Path)])</altclick>
		            <usealttexture>IsEmpty(Skin.String(SubtitleScript_Path))</usealttexture>
		            <onleft>6</onleft>
		            <onright>8</onright>
		            <onup>Skin.SetBool(VideoOSD.OnTop)</onup>
		            <ondown>Skin.Reset(VideoOSD.OnTop)</ondown>
		        </control>
		        <control type="button" id="8">
		            <description>Info</description>
		            <posx>986</posx>
		            <height>100</height>
		            <width>100</width>
		            <texturefocus>osd/fullscreen/buttons/info-fo.png</texturefocus>
		            <texturenofocus>osd/fullscreen/buttons/info-nofo.png</texturenofocus>
		            <onclick>PreviousMenu</onclick>
		            <onclick>ActivateWindow(fullscreeninfo)</onclick>
		            <onleft>7</onleft>
		            <onright>9</onright>
		            <onup>Skin.SetBool(VideoOSD.OnTop)</onup>
		            <ondown>Skin.Reset(VideoOSD.OnTop)</ondown>
		        </control>
		        <control type="button" id="9">
		            <description>Bookmarks</description>
		            <posx>1063</posx>
		            <height>100</height>
		            <width>100</width>
		            <texturefocus>osd/fullscreen/buttons/bookmarks-fo.png</texturefocus>
		            <texturenofocus>osd/fullscreen/buttons/bookmarks-nofo.png</texturenofocus>
		            <onclick>ActivateWindow(125)</onclick>
		            <onup>Skin.SetBool(VideoOSD.OnTop)</onup>
		            <ondown>Skin.Reset(VideoOSD.OnTop)</ondown>
		            <onleft>8</onleft>
		            <onright>11</onright>
		        </control>
            </control>
		<!--Minimal-->
		<control type="group">
		<visible>Skin.HasSetting(videoosd.xperience1080minimal)</visible>
                <!-- control buttons -->
                <posy>683</posy>
                <animation effect="slide" start="0,0" end="0,-695" time="400" tween="sine" easing="inout" condition="Skin.HasSetting(VideoOSD.OnTop)">Conditional</animation>
		<control type="image" id="1">
			 <posy>10</posy>
			<width>1280</width>
			<height>55</height>
			<texture border="24">osd/infoOverlayBlack_Xperience_OSD.png</texture>
			<visible>Player.HasVideo + ![VideoPlayer.Content(musicvideos) | VideoPlayer.Content(files)]</visible>
		</control>
		<control type="image" id="1">
			 <posy>10</posy>
			<width>1280</width>
			<height>55</height>
			<texture border="24">osd/infoOverlayBlack_Xperience_OSD.png</texture>
			<visible>Player.HasAudio | VideoPlayer.Content(musicvideos) | VideoPlayer.Content(files)</visible>
		</control>
			<control type="button" id="11">
		            <description>Audio Settings</description>
		            <posx>7</posx>
		            <height>50</height>
		            <width>61</width>
		            <texturefocus>osd/fullscreen/buttons/audio-settings-fo.png</texturefocus>
		            <texturenofocus>osd/fullscreen/buttons/audio-settings-nofo.png</texturenofocus>
		            <onclick>activatewindow(124)</onclick>
		            <onup>Skin.SetBool(VideoOSD.OnTop)</onup>
		            <ondown>Skin.Reset(VideoOSD.OnTop)</ondown>
		            <onleft>9</onleft>
		            <onright>12</onright>
		        </control>
		        <control type="button" id="12">
		            <description>Video Settings</description>
		            <posx>97</posx>
		            <height>50</height>
		            <width>50</width>
		            <texturefocus>osd/fullscreen/buttons/video-settings-fo.png</texturefocus>
		            <texturenofocus>osd/fullscreen/buttons/video-settings-nofo.png</texturenofocus>
		            <onclick>activatewindow(123)</onclick>
		            <onup>Skin.SetBool(VideoOSD.OnTop)</onup>
		            <ondown>Skin.Reset(VideoOSD.OnTop)</ondown>
		            <onleft>11</onleft>
		            <onright>10</onright>
		        </control>
		        <control type="button" id="10">
		            <description>DVD Menu</description>
		            <posx>181</posx>
		            <height>50</height>
		            <width>50</width>
		            <texturefocus>osd/fullscreen/buttons/dvd-fo.png</texturefocus>
		            <texturenofocus>osd/fullscreen/buttons/dvd-nofo.png</texturenofocus>
		            <onclick>PlayerControl(ShowVideoMenu)</onclick>
		            <enable>VideoPlayer.HasMenu</enable>
		            <onleft>12</onleft>
		            <onright>1</onright>
		            <onup>Skin.SetBool(VideoOSD.OnTop)</onup>
		            <ondown>Skin.Reset(VideoOSD.OnTop)</ondown>
		            <animation effect="fade" start="100" end="50" time="150" tween="sine" easing="inout" condition="!VideoPlayer.HasMenu">Conditional</animation>
		        </control>
		        <control type="button" id="1">
		            <description>Skip Back</description>
		            <posx>381</posx>
		            <height>50</height>
		            <width>50</width>
		            <texturefocus>osd/fullscreen/buttons/previous-fo.png</texturefocus>
		            <texturenofocus>osd/fullscreen/buttons/previous-nofo.png</texturenofocus>
		            <onclick>playercontrol(previous)</onclick>
		            <onup>Skin.SetBool(VideoOSD.OnTop)</onup>
		            <ondown>Skin.Reset(VideoOSD.OnTop)</ondown>
		            <onleft>10</onleft>
		            <onright>2</onright>
		        </control>
		        <control type="togglebutton" id="2">
		            <description>Rewind</description>
		            <posx>471</posx>
		            <height>50</height>
		            <width>50</width>
		            <texturefocus>osd/fullscreen/buttons/rewind-fo.png</texturefocus>
		            <texturenofocus>osd/fullscreen/buttons/rewind-nofo.png</texturenofocus>
		            <usealttexture>Player.Rewinding</usealttexture>
		            <alttexturefocus>osd/fullscreen/buttons/rewind-on-fo.png</alttexturefocus>
		            <alttexturenofocus>osd/fullscreen/buttons/rewind-on-nofo.png</alttexturenofocus>
		            <onclick>playercontrol(rewind)</onclick>
		            <onup>Skin.SetBool(VideoOSD.OnTop)</onup>
		            <ondown>Skin.Reset(VideoOSD.OnTop)</ondown>
		            <onleft>1</onleft>
		            <onright>3</onright>
		        </control>
		        <control type="togglebutton" id="3">
		            <description>Play / Pause</description>
		            <posx>571</posx>
		            <height>50</height>
		            <width>50</width>
		            <texturefocus>osd/fullscreen/buttons/pause-fo.png</texturefocus>
		            <texturenofocus>osd/fullscreen/buttons/pause-nofo.png</texturenofocus>
		            <usealttexture>Player.Paused | Player.Forwarding | Player.Rewinding</usealttexture>
		            <alttexturefocus>osd/fullscreen/buttons/play-fo.png</alttexturefocus>
		            <alttexturenofocus>osd/fullscreen/buttons/play-nofo.png</alttexturenofocus>
		            <onclick>playercontrol(play)</onclick>
		            <onup>Skin.SetBool(VideoOSD.OnTop)</onup>
		            <ondown>Skin.Reset(VideoOSD.OnTop)</ondown>
		            <onleft>2</onleft>
		            <onright>4</onright>
		        </control>
		        <control type="button" id="4">
		            <description>stop</description>
		            <posx>651</posx>
		            <height>50</height>
		            <width>50</width>
		            <texturefocus>osd/fullscreen/buttons/stop-fo.png</texturefocus>
		            <texturenofocus>osd/fullscreen/buttons/stop-nofo.png</texturenofocus>
		            <onclick>playercontrol(stop)</onclick>
		            <onup>Skin.SetBool(VideoOSD.OnTop)</onup>
		            <ondown>Skin.Reset(VideoOSD.OnTop)</ondown>
		            <onleft>3</onleft>
		            <onright>5</onright>
		        </control>
		        <control type="togglebutton" id="5">
		            <description>Forward</description>
		            <posx>741</posx>
		            <height>50</height>
		            <width>50</width>
		            <texturefocus>osd/fullscreen/buttons/fast-forward-fo.png</texturefocus>
		            <texturenofocus>osd/fullscreen/buttons/fast-forward-nofo.png</texturenofocus>
		            <usealttexture>Player.Forwarding</usealttexture>
		            <alttexturefocus>osd/fullscreen/buttons/fast-forward-on-fo.png</alttexturefocus>
		            <alttexturenofocus>osd/fullscreen/buttons/fast-forward-on-nofo.png</alttexturenofocus>
		            <onclick>playercontrol(forward)</onclick>
		            <onup>Skin.SetBool(VideoOSD.OnTop)</onup>
		            <ondown>Skin.Reset(VideoOSD.OnTop)</ondown>
		            <onleft>4</onleft>
		            <onright>6</onright>
		        </control>
		        <control type="button" id="6">
		            <description>Skip Forward</description>
		            <posx>831</posx>
		            <height>50</height>
		            <width>50</width>
		            <texturefocus>osd/fullscreen/buttons/next-fo.png</texturefocus>
		            <texturenofocus>osd/fullscreen/buttons/next-nofo.png</texturenofocus>
		            <onclick>playercontrol(next)</onclick>
		            <onup>Skin.SetBool(VideoOSD.OnTop)</onup>
		            <ondown>Skin.Reset(VideoOSD.OnTop)</ondown>
		            <onleft>5</onleft>
		            <onright>7</onright>
		        </control>
		        <control type="togglebutton" id="7">
		            <description>Subtitles</description>
		            <posx>1062</posx>
		            <height>50</height>
		            <width>50</width>
		            <texturefocus>osd/fullscreen/buttons/subtitles-fo.png</texturefocus>
		            <texturenofocus>osd/fullscreen/buttons/subtitles-nofo.png</texturenofocus>
		            <alttexturefocus>osd/fullscreen/buttons/subtitles-fo.png</alttexturefocus>
		            <alttexturenofocus>osd/fullscreen/buttons/subtitles-nofo.png</alttexturenofocus>
		            <onclick>Close</onclick>
		            <onclick>XBMC.RunScript($INFO[Skin.String(SubtitleScript_Path)])</onclick>
		            <altclick>Skin.SetAddon(SubtitleScript_Path,xbmc.python.subtitles)</altclick>
		            <altclick>Close</altclick>
		            <altclick>XBMC.RunScript($INFO[Skin.String(SubtitleScript_Path)])</altclick>
		            <usealttexture>IsEmpty(Skin.String(SubtitleScript_Path))</usealttexture>
		            <onleft>6</onleft>
		            <onright>8</onright>
		            <onup>Skin.SetBool(VideoOSD.OnTop)</onup>
		            <ondown>Skin.Reset(VideoOSD.OnTop)</ondown>
		        </control>
		        <control type="button" id="8">
		            <description>Info</description>
		            <posx>1144</posx>
		            <height>50</height>
		            <width>50</width>
		            <texturefocus>osd/fullscreen/buttons/info-fo.png</texturefocus>
		            <texturenofocus>osd/fullscreen/buttons/info-nofo.png</texturenofocus>
		            <onclick>PreviousMenu</onclick>
		            <onclick>ActivateWindow(fullscreeninfo)</onclick>
		            <onleft>7</onleft>
		            <onright>9</onright>
		            <onup>Skin.SetBool(VideoOSD.OnTop)</onup>
		            <ondown>Skin.Reset(VideoOSD.OnTop)</ondown>
		        </control>
		        <control type="button" id="9">
		            <description>Bookmarks</description>
		            <posx>1225</posx>
		            <height>50</height>
		            <width>50</width>
		            <texturefocus>osd/fullscreen/buttons/bookmarks-fo.png</texturefocus>
		            <texturenofocus>osd/fullscreen/buttons/bookmarks-nofo.png</texturenofocus>
		            <onclick>ActivateWindow(125)</onclick>
		            <onup>Skin.SetBool(VideoOSD.OnTop)</onup>
		            <ondown>Skin.Reset(VideoOSD.OnTop)</ondown>
		            <onleft>8</onleft>
		            <onright>11</onright>
		        </control>
            </control>
        </control>
	</controls>

</window>
