<includes>
<!---DOUBLE ROW------>
<include name="view_BannerDoubleRow">
		<control type="panel" id="5411">	
			<posx>40</posx>
			<posy>60</posy>
			<width>1200</width>
			<height>548</height>
			<onleft>6000</onleft>
			<onright>70</onright>
			<onup>54</onup>
			<ondown>54</ondown>
			<scrolltime>250</scrolltime>
			<preloaditems>10</preloaditems>
			<wraparound>true</wraparound>
			<pagecontrol>10</pagecontrol>
			<include>transition_Container</include>
			<include>infoDialogHide</include>
			<include>toggle_Menu</include>
			<visible>[Container.Content(tvshows) + Skin.HasSetting(banners.enable)] + !substring(container.folderpath,plugin://)</visible>			
			<itemlayout height="137" width="600">		
				<control type="image">
					<posx>0</posx>
					<posy>0</posy>
					<width>590</width>
					<height>128</height>
					<texture fallback="thumbs/tvshow_banner.jpg" background="true">$INFO[ListItem.Art(banner)]</texture>
					<aspectratio>stretch</aspectratio>
					<bordersize>9</bordersize>
					<visible>!Skin.HasSetting(banners.local)</visible>
				</control>
				<control type="image">
					<posx>0</posx>
					<posy>0</posy>
					<width>590</width>
					<height>128</height>
					<texture fallback="thumbs/tvshow_banner.jpg" background="true">$INFO[ListItem.Art(banner)]</texture>
					<bordersize>9</bordersize>
					<aspectratio>stretch</aspectratio>
					<visible>Skin.HasSetting(banners.local)</visible>
				</control>
				<control type="image">
					<posx>549</posx>
					<posy>87</posy>
					<include condition="Skin.HasSetting(watched.original)">overlay_UnWatchedOriginal</include>
					<include condition="!Skin.HasSetting(watched.original)">overlay_UnWatched</include>
					<visible>!Skin.HasSetting(watched.alternative)</visible>
				</control>
				<control type="image">
					<posx>549</posx>
					<posy>87</posy>
					<include>overlay_Resumable</include>
					<visible>Skin.HasSetting(watched.original)</visible>
				</control>
				<control type="image">
					<posx>518</posx>
					<posy>56</posy>
					<info>ListItem.Overlay</info>
					<visible>Skin.HasSetting(watched.alternative)</visible>				
				</control>				
			</itemlayout>															
			<focusedlayout height="137" width="600">
			    <control type="image">
					<posx>-10</posx>
					<posy>-9</posy>
					<width>610</width>
					<height>146</height>
					<texture border="9">views/list-focus-bigAlt.png</texture>
					<bordersize>9</bordersize>
					<aspectratio>stretch</aspectratio>
				</control>
				<control type="image">
					<posx>0</posx>
					<posy>0</posy>
					<width>590</width>
					<height>128</height>
					<texture fallback="thumbs/tvshow_banner.jpg" background="true">$INFO[ListItem.Art(banner)]</texture>
					<aspectratio>stretch</aspectratio>
					<bordersize>9</bordersize>
					<visible>!Skin.HasSetting(banners.local)</visible>
				</control>
				<control type="image">
					<posx>0</posx>
					<posy>0</posy>
					<width>590</width>
					<height>128</height>
					<texture fallback="thumbs/tvshow_banner.jpg" background="true">$INFO[ListItem.Art(banner)]</texture>
					<aspectratio>stretch</aspectratio>
					<bordersize>9</bordersize>
					<visible>Skin.HasSetting(banners.local)</visible>
				</control>
				<control type="image">
					<posx>549</posx>
					<posy>87</posy>
					<include condition="Skin.HasSetting(watched.original)">overlay_UnWatchedOriginal</include>
					<include condition="!Skin.HasSetting(watched.original)">overlay_UnWatched</include>
					<visible>!Skin.HasSetting(watched.alternative)</visible>
				</control>
				<control type="image">
					<posx>549</posx>
					<posy>87</posy>
					<include>overlay_Resumable</include>
					<visible>!Skin.HasSetting(watched.alternative)</visible>
				</control>
				<control type="image">
					<posx>518</posx>
					<posy>56</posy>
					<info>ListItem.Overlay</info>
					<visible>Skin.HasSetting(watched.alternative)</visible>				
				</control>						
			</focusedlayout>
		</control>
			<!---container info--->
		<control type="grouplist">
			<posx>30</posx>
			<posy>600</posy>
			<itemgap>0</itemgap>
			<include>toggle_Menu</include>
			<include>transition_Container</include>
			<include>infoDialogHide</include>
			<visible>Control.IsVisible(5411) + Container.Content(tvshows)</visible>
			<control type="label" id="1">
				<width>640</width>
				<label>$INFO[ListItem.Title]</label>
				<include>info_Title</include>
				<visible>!IsEmpty(ListItem.Title)</visible>
			</control>
			<control type="label">
				<width>500</width>
				<label>$INFO[ListItem.Label]</label>
				<include>info_Title</include>
				<visible>IsEmpty(ListItem.Title)</visible>
			</control>
			<control type="label">
				<width>500</width>
				<label>$INFO[ListItem.Property(UnWatchedEpisodes),, $LOCALIZE[16101] $LOCALIZE[20360]]</label>
				<include>info_Sub</include>
			</control>
			<control type="label">
				<width>500</width>
				<label fallback="32022">$VAR[tvshow_Info.NextAired]</label>
				<include>info_Sub</include>
				<visible>!SubString(ListItem.Icon,default)</visible>
			</control>
			<control type="image">
				<posx>695</posx>
				<posy>650</posy>
				<width>128</width>
				<height>48</height>
				<texture>$INFO[ListItem.StarRating]</texture>
				<aspectratio align="left">keep</aspectratio>
				<visible>!IsEmpty(ListItem.TVShowTitle)</visible>
			</control>
		</control>
		 <control type ="image">
			<posx>1040</posx>
			<posy>520</posy>
			<width>215</width>
			<height>300</height>
			<texture>$VAR[art_Logo.Condition]</texture>
			<aspectratio align="center">keep</aspectratio>
			<include>toggle_Menu</include>
			<include>transition_Container</include>
			<include>infoDialogHide</include>
			<visible>Control.IsVisible(5411) + [Container.Content(tvshows) | Container.Content(seasons)] + ![IsEmpty(ListItem.TVShowTitle) + IsEmpty(ListItem.Title)]</visible>
		</control>
	</include>
	<!---banner poster------>
<include name="view_BannerPoster">
		<control type="panel" id="54111">	
			<posx>40</posx>
			<posy>60</posy>
			<width>1200</width>
			<height>255</height>
			<onleft>6000</onleft>
			<onright>70</onright>
			<onup>54</onup>
			<ondown>54</ondown>
			<scrolltime>250</scrolltime>
			<preloaditems>10</preloaditems>
			<wraparound>true</wraparound>
			<pagecontrol>10</pagecontrol>
			<include>transition_Container</include>
			<include>infoDialogHide</include>
			<include>toggle_Menu</include>
			<visible>[Container.Content(tvshows) + Skin.HasSetting(banners.enable)] + !substring(container.folderpath,plugin://)</visible>			
			<itemlayout height="137" width="600">		
				<control type="image">
					<posx>0</posx>
					<posy>0</posy>
					<width>590</width>
					<height>128</height>
					<texture fallback="thumbs/tvshow_banner.jpg" background="true">$INFO[ListItem.Art(banner)]</texture>
					<aspectratio>stretch</aspectratio>
					<bordersize>9</bordersize>
					<visible>!Skin.HasSetting(banners.local)</visible>
				</control>
				<control type="image">
					<posx>0</posx>
					<posy>0</posy>
					<width>590</width>
					<height>128</height>
					<texture fallback="thumbs/tvshow_banner.jpg" background="true">$INFO[ListItem.Art(banner)]</texture>
					<bordersize>9</bordersize>
					<aspectratio>stretch</aspectratio>
					<visible>Skin.HasSetting(banners.local)</visible>
				</control>
				<control type="image">
					<posx>549</posx>
					<posy>89</posy>
					<include condition="Skin.HasSetting(watched.original)">overlay_UnWatchedOriginal</include>
					<include condition="!Skin.HasSetting(watched.original)">overlay_UnWatched</include>
					<visible>!Skin.HasSetting(watched.alternative)</visible>
				</control>
				<control type="image">
					<posx>549</posx>
					<posy>89</posy>
					<include>overlay_Resumable</include>
					<visible>!Skin.HasSetting(watched.alternative)</visible>
				</control>
				<control type="image">
					<posx>518</posx>
					<posy>56</posy>
					<info>ListItem.Overlay</info>
					<visible>Skin.HasSetting(watched.alternative)</visible>
				</control>				
			</itemlayout>															
			<focusedlayout height="137" width="600">
			    <control type="image">
					<posx>-10</posx>
					<posy>-9</posy>
					<width>610</width>
					<height>146</height>
					<texture border="9">views/list-focus-bigAlt.png</texture>
					<bordersize>9</bordersize>
					<aspectratio>stretch</aspectratio>
				</control>
				<control type="image">
					<posx>0</posx>
					<posy>0</posy>
					<width>590</width>
					<height>128</height>
					<texture fallback="thumbs/tvshow_banner.jpg" background="true">$INFO[ListItem.Art(banner)]</texture>
					<aspectratio>stretch</aspectratio>
					<bordersize>9</bordersize>
					<visible>!Skin.HasSetting(banners.local)</visible>
				</control>
				<control type="image">
					<posx>0</posx>
					<posy>0</posy>
					<width>590</width>
					<height>128</height>
					<texture fallback="thumbs/tvshow_banner.jpg" background="true">$INFO[ListItem.Art(banner)]</texture>
					<aspectratio>stretch</aspectratio>
					<bordersize>9</bordersize>
					<visible>Skin.HasSetting(banners.local)</visible>
				</control>
				<control type="image">
					<posx>549</posx>
					<posy>89</posy>
					<include condition="Skin.HasSetting(watched.original)">overlay_UnWatchedOriginal</include>
					<include condition="!Skin.HasSetting(watched.original)">overlay_UnWatched</include>
					<visible>!Skin.HasSetting(watched.alternative)</visible>		
				</control>
				<control type="image">
					<posx>549</posx>
					<posy>89</posy>
					<include>overlay_Resumable</include>
					<visible>!Skin.HasSetting(watched.alternative)</visible>		
				</control>
				<control type="image">
					<posx>518</posx>
					<posy>56</posy>
					<info>ListItem.Overlay</info>
					<visible>Skin.HasSetting(watched.alternative)</visible>		
				</control>			
			</focusedlayout>
		</control>
			<!---container info--->
		<control type="grouplist">
			<posx>340</posx>
			<posy>350</posy>
			<itemgap>0</itemgap>
			<include>toggle_Menu</include>
			<include>transition_Container</include>
			<include>infoDialogHide</include>
			<visible>Control.IsVisible(54111) + Container.Content(tvshows)</visible>
			<control type="label" id="1">
				<width>640</width>
				<label>$INFO[ListItem.Title]</label>
				<include>info_Title</include>
				<visible>!IsEmpty(ListItem.Title)</visible>
			</control>
			<control type="label">
				<width>500</width>
				<label>$INFO[ListItem.Label]</label>
				<include>info_Title</include>
				<visible>IsEmpty(ListItem.Title)</visible>
			</control>
			<control type="label">
				<width>500</width>
				<label>$INFO[ListItem.Property(UnWatchedEpisodes),, $LOCALIZE[16101] $LOCALIZE[20360]]</label>
				<include>info_Sub</include>
			</control>
			<control type="label">
				<width>500</width>
				<label>$VAR[tvshow_Info.NextAired]</label>
				<include>info_Sub</include>
				<visible>!SubString(ListItem.Icon,default) + !IsEmpty(Window(Home).Property(NextAired.Label))</visible>
			</control>
			<control type="label">
				<width>500</width>
				<label fallback="32022">$VAR[tvshow_Info.ShowStatus]</label>
				<include>info_Sub</include>
				<visible>!SubString(ListItem.Icon,default) + !StringCompare(Window(Home).Property(NextAired.Status),canceled/ended)</visible>
			</control>
			<control type="label">
				<width>500</width>
				<label fallback="32022">$VAR[tvshow_Info.ShowStatus]</label>
				<include>info_Sub</include>
				<visible>!SubString(ListItem.Icon,default) + IsEmpty(Window(Home).Property(NextAired.Label))</visible>
			</control>
			<control type="image">
				<posx>695</posx>
				<posy>650</posy>
				<width>128</width>
				<height>48</height>
				<texture>$INFO[ListItem.StarRating]</texture>
				<aspectratio align="left">keep</aspectratio>
				<visible>!IsEmpty(ListItem.TVShowTitle)</visible>
			</control>
		</control>
		 <control type ="image">
			<posx>1040</posx>
			<posy>520</posy>
			<width>215</width>
			<height>300</height>
			<texture>$VAR[art_Logo.Condition]</texture>
			<aspectratio align="center">keep</aspectratio>
			<include>toggle_Menu</include>
			<include>transition_Container</include>
			<include>infoDialogHide</include>
			<visible>Control.IsVisible(54111) + [Container.Content(tvshows) | Container.Content(seasons)] + ![IsEmpty(ListItem.TVShowTitle) + IsEmpty(ListItem.Title)]</visible>
		</control>
		<control type ="image">
			<posx>47</posx>
			<posy>350</posy>
			<width>264</width>
			<height>359</height>
			<texture>$INFO[ListItem.Art(poster)]</texture>
			<aspectratio align="center">keep</aspectratio>
			<include>toggle_Menu</include>
			<include>transition_Container</include>
			<include>infoDialogHide</include>
			<visible>Control.IsVisible(54111) + [Container.Content(tvshows) | Container.Content(seasons)] + ![IsEmpty(ListItem.TVShowTitle) + IsEmpty(ListItem.Title)]</visible>
		</control>
		<control type="textbox" id="4">
			<posx>480</posx>
			<posy>440</posy>
			<width>690</width>
			<height>177</height>
			<label>$VAR[global_Plot.Condition]</label>
			<include>description_Small</include>
			<textcolor>Color4</textcolor>
			<include>transition_Container</include>
			<include>infoDialogHide</include>
			<include>toggle_Menu</include>
			<include>autoscroll-line</include>
			<include>autoscroll-plot</include>
			<visible>Control.IsVisible(54111) + [Container.Content(tvshows) | Container.Content(seasons)] + ![IsEmpty(ListItem.TVShowTitle) + IsEmpty(ListItem.Title)] + StringCompare(Window(Home).Property(NextAired.Status),canceled/ended)</visible>
		</control>
		<control type="textbox" id="4">
			<posx>480</posx>
			<posy>460</posy>
			<width>690</width>
			<height>177</height>
			<label>$VAR[global_Plot.Condition]</label>
			<include>description_Small</include>
			<textcolor>Color4</textcolor>
			<include>transition_Container</include>
			<include>infoDialogHide</include>
			<include>toggle_Menu</include>
			<include>autoscroll-line</include>
			<include>autoscroll-plot</include>
			<visible>Control.IsVisible(54111) + [Container.Content(tvshows) | Container.Content(seasons)] + ![IsEmpty(ListItem.TVShowTitle) + IsEmpty(ListItem.Title)] + !StringCompare(Window(Home).Property(NextAired.Status),canceled/ended)</visible>
		</control>
	</include>
	<include name="view_Banner">
		<control type="fixedlist" id="54">
			<viewtype label="535">bigwide</viewtype>
			<posx>225</posx>
			<posy>76</posy>
			<width>1000</width>
			<height>605</height>
			<onleft>6000</onleft>
			<onright>60</onright>
			<onup>54</onup>
			<ondown>54</ondown>
			<pagecontrol>60</pagecontrol>
			<focusposition>2</focusposition>
			<wraparound>true</wraparound>
			<scrolltime tween="Cubic" easing="Out">300</scrolltime>
			<include>transition_Container</include>
			<include>infoDialogHide</include>
			<include>toggle_Menu</include>
			<visible>!substring(container.folderpath,plugin://) + [Container.Content(tvshows) + Skin.HasSetting(banners.enable)] | Container.Content(movies)</visible>
			<animation effect="slide" start="0,0" end="-66,10" time="0" condition="Container.Content(movies)">Conditional</animation>
			<itemlayout condition="Container.Content(tvshows)" width="560" height="65">
				<control type="label">
					<posx>55</posx>
					<width>700</width>
					<label>$VAR[global_Title]</label>
					<font>listBig</font>
				</control>
				<control type="label">
					<posx>55</posx>
					<posy>27</posy>
					<width>700</width>
					<label>$INFO[ListItem.Genre]</label>
					<font>listInfo</font>
					<textcolor>Color2</textcolor>
				</control>
				<control type="image">
					<posx>685</posx>
					<posy>12</posy>
					<width>128</width>
					<height>22</height>
					<texture>$INFO[ListItem.StarRating,rating/nf-,]</texture>
					<aspectratio align="right">keep</aspectratio>
					<animation effect="fade" end="30" time="0" condition="true">Conditional</animation>
				</control>
			</itemlayout>
			<focusedlayout condition="Container.Content(tvshows)" width="560" height="290">
				<control type="image">
					<posx>1</posx>
					<posy>0</posy>
					<width>836</width>
					<height>295</height>
					<include>dialogWindow</include>
					<include>focus_Banner</include>
				</control>
				<control type="image">
					<posx>19</posx>
					<posy>16</posy>
					<width>800</width>
					<height>148</height>
					<texture diffuse="frames/frame_Wide-mask.png" fallback="thumbs/tvshow_banner.jpg">$INFO[ListItem.Art(banner)]</texture>
					<aspectratio scalediffuse="false" align="center">stretch</aspectratio>
					<include>focus_Banner</include>
				</control>
				<control type="group">
					<posx>787</posx>
					<posy>132</posy>
					<include>focus_Banner</include>
					<control type="image">
						<include condition="Skin.HasSetting(watched.original)">overlay_UnWatchedOriginal</include>
						<include condition="!Skin.HasSetting(watched.original)">overlay_UnWatched</include>
						<visible>!Skin.HasSetting(watched.alternative)</visible>
					</control>
					<control type="image">
						<include>overlay_Resumable</include>
						<visible>Skin.HasSetting(watched.original)</visible>
					</control>
				</control>
				<control type="group">
					<posx>756</posx>
					<posy>100</posy>
					<include>focus_Banner</include>
					<visible>Skin.HasSetting(watched.alternative)</visible>
					<control type="image">
						<info>ListItem.Overlay</info>
					</control>
				</control>
				<control type="image">
					<posx>19</posx>
					<posy>164</posy>
					<width>800</width>
					<include>dialog_Separator</include>
					<include>focus_Banner</include>
				</control>
				<control type="label">
					<posx>34</posx>
					<posy>178</posy>
					<label>$VAR[global_Title]</label>
					<font>title</font>
					<textcolor>Color5</textcolor>
					<align>left</align>
					<width>650</width>
					<include>focus_Banner</include>
				</control>
				<control type="label">
					<posx>34</posx>
					<posy>210</posy>
					<label>$INFO[ListItem.Genre]</label>
					<font>info</font>
					<textcolor>Color4</textcolor>
					<align>left</align>
					<width>650</width>
					<include>focus_Banner</include>
					<visible>![IsEmpty(ListItem.TVShowTitle) + IsEmpty(ListItem.Property(UnWatchedEpisodes))]</visible>
				</control>
				
				<control type="label">
					<posx>34</posx>
					<posy>234</posy>
					<label>$INFO[ListItem.Property(UnWatchedEpisodes)] $LOCALIZE[16101] $LOCALIZE[20360]</label>
					<font>info</font>
					<textcolor>Color4</textcolor>
					<align>left</align>
					<width>650</width>
					<include>focus_Banner</include>
					<visible>![IsEmpty(ListItem.TVShowTitle) + IsEmpty(ListItem.Property(UnWatchedEpisodes))]</visible>
				</control>
				<control type="image">
					<posx>678</posx>
					<posy>180</posy>
					<width>128</width>
					<height>22</height>
					<texture>$INFO[ListItem.StarRating,rating/fo-,]</texture>
					<aspectratio align="right">keep</aspectratio>
					<include>focus_Banner</include>
					<visible>!SubString(ListItem.Icon,default)</visible>
				</control>
				<control type="image" id="92529">
					<posx>678</posx>
					<posy>214</posy>
					<width>128</width>
					<height>48</height>
					<texture fallback="empty">$VAR[flag_Studio]</texture>
					<aspectratio align="right">keep</aspectratio>
					<include>focus_Banner</include>
				</control>
				<control type="image" id="92729">
					<posx>678</posx>
					<posy>214</posy>
					<width>128</width>
					<height>48</height>
					<texture fallback="empty">$VAR[flag_Studio_alt]</texture>
					<aspectratio align="right">keep</aspectratio>
					<include>focus_Banner</include>
					<visible>StringCompare(Control.GetLabel(92529),empty)</visible> 
				</control>
			</focusedlayout>
			
			<itemlayout condition="Container.Content(movies)" width="560" height="65">
				<control type="label">
					<posx>55</posx>
					<width>700</width>
					<label>$VAR[global_Title]</label>
					<font>listBig</font>
				</control>
				<control type="label">
					<posx>55</posx>
					<posy>27</posy>
					<width>700</width>
					<label>$INFO[ListItem.Genre]</label>
					<font>listInfo</font>
					<textcolor>Color2</textcolor>
				</control>
				<control type="image">
					<posx>780</posx>
					<posy>12</posy>
					<width>128</width>
					<height>22</height>
					<info>ListItem.StarRating</info>
					<aspectratio align="right">keep</aspectratio>
					<animation effect="fade" end="30" time="0" condition="true">Conditional</animation>
					<visible>!IsEmpty(ListItem.Title)</visible>
				</control>
			</itemlayout>
			<focusedlayout condition="Container.Content(movies)" width="560" height="295">
				<control type="image">
					<posx>1</posx>
					<posy>0</posy>
					<width>950</width>
					<height>295</height>
					<include>dialogWindow</include>
					<include>focus_Banner</include>
				</control>
				<control type="image">
					<posx>24</posx>
					<posy>23</posy>
					<width>172</width>
					<height>248</height>
					<texture diffuse="frames/frame_Portrait-mask.png" fallback="thumbs/movie_portrait.jpg">$INFO[ListItem.Art(poster)]</texture>
					<aspectratio scalediffuse="false" align="left">stretch</aspectratio>
					<include>focus_Banner</include>
				</control>
				<control type="group">
					<posx>164</posx>
					<posy>241</posy>
					<include>focus_Banner</include>
					<control type="image">
						<include condition="Skin.HasSetting(watched.original)">overlay_UnWatchedOriginal</include>
						<include condition="!Skin.HasSetting(watched.original)">overlay_UnWatched</include>
						<visible>!Skin.HasSetting(watched.alternative)</visible>
					</control>
					<control type="image">
						<include>overlay_Resumable</include>
						<visible>Skin.HasSetting(watched.original)</visible>
					</control>
				</control>
				<control type="group">
					<posx>129</posx>
					<posy>208</posy>
					<include>focus_Banner</include>
					<visible>Skin.HasSetting(watched.alternative)</visible>
					<control type="image">
						<info>ListItem.Overlay</info>
					</control>
				</control>
				<control type="image">
					<posx>215</posx>
					<posy>90</posy>
					<width>690</width>
					<include>dialog_Separator</include>
					<include>focus_Banner</include>
					<visible>!SubString(ListItem.Icon,default)</visible>
				</control>
				<control type="label">
					<posx>215</posx>
					<posy>30</posy>
					<label>$VAR[global_Title]</label>
					<font>title</font>
					<textcolor>Color4</textcolor>
					<align>left</align>
					<width>695</width>
					<include>focus_Banner</include>
				</control>
				<control type="label">
					<posx>215</posx>
					<posy>54</posy>
					<label>$INFO[ListItem.Genre]</label>
					<font>smallerCaps</font>
					<textcolor>Color4</textcolor>
					<align>left</align>
					<width>565</width>
					<include>focus_Banner</include>
				</control>
				<control type="image">
					<posx>780</posx>
					<posy>57</posy>
					<width>128</width>
					<height>22</height>
					<texture>$INFO[ListItem.StarRating,rating/fo-,]</texture>
					<textcolor>Color4</textcolor>
					<aspectratio align="right">keep</aspectratio>
					<include>focus_Banner</include>
					<visible>!SubString(ListItem.Icon,default)</visible>
				</control>
				<control type="textbox" id="4">
					<posx>215</posx>
					<posy>95</posy>
					<width>690</width>
					<height>163</height>
					<label>$VAR[global_Plot.Condition]</label>
					<textcolor>Color5</textcolor>
					<autoscroll delay="300000" time="1000">!Control.HasFocus(13)</autoscroll>
					<include>description_Small</include>
					<include>focus_Banner</include>
					<visible>!SubString(ListItem.Icon,default)</visible>
				</control>
			</focusedlayout>
		</control>
		<!--<control type="grouplist" id="54">
			<posx>260</posx>
			<posy>415</posy>
			<itemgap>0</itemgap>
			<scrolltime tween="Cubic" easing="Out">300</scrolltime>
			<include>transition_Container</include>
			<include>infoDialogHide</include>
			<include>toggle_Menu</include>
			<visible>Control.IsVisible(54) + Container.Content(tvshows)</visible>
			 <include>NowPlayingFullscreenOSD</include>
			<include>focus_Banner</include>
			<control type="label" id="1">
					<posx>34</posx>
					<posy>210</posy>
					<label>$VAR[tvshow_Info.NextAired]</label>
					<font>info</font>
					<textcolor>Color4</textcolor>
					<align>left</align>
					<width>650</width>
					<include>focus_Banner</include>
					<visible>!SubString(ListItem.Icon,default)</visible>
			</control>
		</control>-->
	</include>

<!---BANNERS------>
	<include name="view_BannerWide">
		<control type="panel" id="541">
			<viewtype label="537">wide</viewtype> 	
			<posx>25</posx>
			<posy>85</posy>
			<width>645</width>
			<height>620</height>
			<onleft>6000</onleft>
			<onright>70</onright>
			<onup>541</onup>
			<ondown>541</ondown>
			<pagecontrol>70</pagecontrol>
			<preloaditems>2</preloaditems>
			<scrolltime tween="Cubic" easing="Out">300</scrolltime>
			<orientation>vertical</orientation>
			<include>transition_Container</include>
			<include>infoDialogHide</include>
			<include>toggle_Menu</include>
			<visible>[Container.Content(tvshows) + Skin.HasSetting(banners.enable)] + !substring(container.folderpath,plugin://)</visible>
			<itemlayout width="645" height="122">
				<control type="image">
					<posx>10</posx>
					<posy>10</posy>
					<width>620</width>
					<height>115</height>
					<texture fallback="thumbs/tvshow_banner.jpg" background="true">$INFO[ListItem.Art(banner)]</texture>
					<bordertexture border="6" width="590" height="106">frames/frame_Square-small.png</bordertexture>
					<bordersize>6</bordersize>
					<aspectratio>stretch</aspectratio>
				</control>
				<control type="image">
					<posx>592</posx>
					<posy>89</posy>
					<include condition="Skin.HasSetting(watched.original)">overlay_UnWatchedOriginal</include>
					<include condition="!Skin.HasSetting(watched.original)">overlay_UnWatched</include>
					<visible>!Skin.HasSetting(watched.alternative)</visible>
				</control>
				<control type="image">
					<posx>592</posx>
					<posy>89</posy>
					<include>overlay_Resumable</include>
					<visible>!Skin.HasSetting(watched.alternative)</visible>
				</control>
				<control type="image">
					<posx>560</posx>
					<posy>56</posy>
					<info>ListItem.Overlay</info>
					<visible>Skin.HasSetting(watched.alternative)</visible>
				</control>
			</itemlayout>
			<focusedlayout width="645" height="122">
				<control type="image">
					<posx>0</posx>
					<width>640</width>
					<height>135</height>
					<texture border="10">views/list-focus-bigAlt.png</texture>
					<bordersize>6</bordersize>
					<aspectratio>stretch</aspectratio>
				</control>
				<control type="image">
					<posx>10</posx>
					<posy>10</posy>
					<width>620</width>
					<height>115</height>
					<texture fallback="thumbs/tvshow_banner.jpg" background="true">$INFO[ListItem.Art(banner)]</texture>
					<bordersize>6</bordersize>
					<aspectratio>stretch</aspectratio>
				</control>
				<control type="image">
					<posx>592</posx>
					<posy>89</posy>
					<include condition="Skin.HasSetting(watched.original)">overlay_UnWatchedOriginal</include>
					<include condition="!Skin.HasSetting(watched.original)">overlay_UnWatched</include>
					<visible>!Skin.HasSetting(watched.alternative)</visible>
				</control>
				<control type="image">
					<posx>592</posx>
					<posy>89</posy>
					<include>overlay_Resumable</include>
					<visible>!Skin.HasSetting(watched.alternative)</visible>
				</control>
				<control type="image">
					<posx>560</posx>
					<posy>56</posy>
					<info>ListItem.Overlay</info>
					<visible>Skin.HasSetting(watched.alternative)</visible>
				</control>
			</focusedlayout>
		</control>
		<!---container info--->
		<control type="grouplist">
			<posx>695</posx>
			<posy>100</posy>
			<itemgap>0</itemgap>
			<include>toggle_Menu</include>
			<include>transition_Container</include>
			<include>infoDialogHide</include>
			<visible>Control.IsVisible(541) + Container.Content(tvshows)</visible>
			<control type="label" id="1">
				<width>500</width>
				<label>$INFO[ListItem.Title]</label>
				<include>info_Title</include>
				<visible>!IsEmpty(ListItem.Title)</visible>
			</control>
			<control type="label">
				<width>500</width>
				<label>$INFO[ListItem.Label]</label>
				<include>info_Title</include>
				<visible>IsEmpty(ListItem.Title)</visible>
			</control>
			<control type="label">
				<width>500</width>
				<label>$INFO[ListItem.Property(UnWatchedEpisodes),, $LOCALIZE[16101] $LOCALIZE[20360]]</label>
				<include>info_Sub</include>
			</control>
			<control type="label">
				<width>500</width>
				<label>$VAR[tvshow_Info.NextAired]</label>
				<include>info_Sub</include>
				<visible>!SubString(ListItem.Icon,default)</visible>
			</control>
			<control type="image">
				<posx>695</posx>
				<posy>650</posy>
				<width>128</width>
				<height>48</height>
				<texture>$INFO[ListItem.StarRating]</texture>
				<aspectratio align="left">keep</aspectratio>
				<visible>!IsEmpty(ListItem.TVShowTitle)</visible>
			</control>
			<control type="textbox" id="4">
				<width>500</width>
				<height>345</height>
				<label>$VAR[global_Plot.Condition]</label>
				<include>description_Small</include>
			</control>
		</control>
		<control type="image" id="12345">
			<posx>695</posx>
			<posy>610</posy>
			<width>128</width>
			<height>64</height>
			<aspectratio align="left">keep</aspectratio>
			<texture fallback="empty">$VAR[flag_Studio]</texture>
			<include>toggle_Menu</include>
			<include>transition_Container</include>
			<include>infoDialogHide</include>
			<visible>Control.IsVisible(541) + [Container.Content(tvshows) | Container.Content(seasons)] + ![IsEmpty(ListItem.TVShowTitle) + IsEmpty(ListItem.Title)]</visible>
		</control>
		<control type="image" id="1234567">
			<posx>695</posx>
			<posy>610</posy>
			<width>128</width>
			<height>64</height>
			<aspectratio align="left">keep</aspectratio>
			<texture fallback="empty">$VAR[flag_Studio_alt]</texture>
			<include>toggle_Menu</include>
			<include>transition_Container</include>
			<include>infoDialogHide</include>
			<visible>StringCompare(Control.GetLabel(12345),empty) + Control.IsVisible(541) + [Container.Content(tvshows) | Container.Content(seasons)] + ![IsEmpty(ListItem.TVShowTitle) + IsEmpty(ListItem.Title)]</visible>
		</control>
	</include>
</includes>
