<includes>
    <include name="view_Fanart">
	    <control type="group">
			<include>transition_Container</include>
			<include>toggle_Menu</include>
			<include>infoDialogHide</include>
			<visible>Control.IsVisible(47)</visible>
			<control type="wraplist" id="47">
			    <viewtype label="Fanart">bigwrap</viewtype>
			    <width>screen_Width</width>
			    <height>720</height>
			    <onleft>56</onleft>
			    <onright>56</onright>
			    <onup>6000</onup>
			    <ondown>8000</ondown>
			    <preloaditems>2</preloaditems>
			    <scrolltime tween="Cubic" easing="Out">300</scrolltime>
			    <orientation>horizontal</orientation>
			    <include>transition_Container</include>
			    <include>infoDialogHide</include>	
			    <visible>Container.Content(episodes)</visible>
		    </control>
		</control>
			<control type="image">
				<texture background="true">$INFO[ListItem.Art(fanart)]</texture>
				<include>screen_Dimensions</include>
				<fadetime>fadetime_Fanart</fadetime>
				<include>fadeinout</include>
				<visible>Control.IsVisible(47)</visible>
			</control>
			<control type="image">
				<texture background="true">backgrounds/background.png</texture>
				<include>screen_Dimensions</include>
				<fadetime>fadetime_Fanart</fadetime>
				<include>fadeinout</include>
				<visible>Control.IsVisible(47) + Window.IsActive(movieinformation)</visible>
			</control>			
			<control type="image">
				<include>screen_Dimensions</include>
				<aspectratio align="left">stretch</aspectratio>
				<texture>home/menuBackground.png</texture>
				<include>fadeinout</include>
				<include>transition_Fanart</include>
				<visible>Control.IsVisible(47) + ControlGroup(6000).HasFocus()</visible>
			</control>
			<control type="multiimage">
				<include>screen_Dimensions</include>
				<imagepath background="true">$INFO[ListItem.Path,,extrafanart]</imagepath>
				<aspectratio align="center">scale</aspectratio>
				<timeperimage>1500</timeperimage>
				<fadetime>800</fadetime>
				<pauseatend>2000</pauseatend>
				<randomize>false</randomize>
				<loop>yes</loop>
				<visible>Control.IsVisible(47) + Skin.HasSetting(gallery.extrafanart)</visible>
				</control>
			<!--<control type="group">
				<include>global_Clock</include>
				<visible>Control.IsVisible(47)</visible>
			</control>-->
		
		<!---scroll indicators------->
		<control type="group">
			<posy>336</posy>
			<include>fadeinout</include>
			<visible>Control.IsVisible(47) + System.IdleTime(3) + ![ControlGroup(6000).HasFocus() | Window.IsActive(movieinformation)]</visible>
			<control type="image">
				<posx>20</posx>
				<width>48</width>
				<height>48</height>
				<texture>views/scrollLeftIndicator.png</texture>
				<aspectratio>keep</aspectratio>
			</control>
			<control type="image">
				<posx>1212</posx>
				<width>48</width>
				<height>48</height>
				<texture>views/scrollRightIndicator.png</texture>
				<aspectratio>keep</aspectratio>
			</control>
		</control>

		<control type="group">
			<posy>500</posy>
			<include>transition_Container</include>
			<include>infoDialogHide</include>
			<animation effect="slide" start="0,600" end="0,0" easing="Out" tween="Quadratic" time="350">Visible</animation>
			<animation effect="slide" start="0,0" end="0,600" easing="Out" tween="Quadratic" time="350">Hidden</animation>
			<visible>[[Control.IsVisible(47) + Control.HasFocus(8000)] | Control.IsVisible(47)] + !ControlGroup(6000).HasFocus()</visible>
			<control type="image">
				<width>1280</width>
				<height>220</height>
				<texture border="0,0,0,15">osd/infoOverlay.png</texture>
			</control>
			<control type="image">
				<posy>10</posy>
				<posx>15</posx>
				<width>303</width>
				<height>170</height>
				<align>center</align>
				<texture background="true">$INFO[ListItem.Art(thumb)]</texture>
				<aspectratio>stretch</aspectratio>
				<visible>Container.Content(episodes)</visible>
			</control>
			<control type="group">
				<posx>335</posx>
				<posy>13</posy>
				<visible>Container.Content(episodes)</visible>
				<control type="label">
					<label>$INFO[ListItem.Title]</label>
					<font>osdTitle</font>
					<aligny>top</aligny>
					<width>835</width>
					<textcolor>Color1</textcolor>
					<width>screen_Width</width>
				</control>
				<control type="label">
					<posy>40</posy>
					<width>795</width>
					<label>$INFO[ListItem.TVShowTitle] � $INFO[ListItem.Season,$LOCALIZE[20373] , - ]$INFO[ListItem.Episode,$LOCALIZE[20359] ]</label>
					<font>smallerCaps</font>
					<align>left</align>	
					<textcolor>Color2</textcolor>
					<visible>Container.Content(episodes)</visible>
				</control>
				<control type="image">
					<posx>785</posx>
					<posy>44</posy>
					<width>128</width>
					<height>22</height>
					<texture>$INFO[ListItem.StarRating,rating/nf-,]</texture>
					<colordiffuse>Color1</colordiffuse>
					<aspectratio align="right">keep</aspectratio>
					<visible>!SubString(ListItem.Icon,default)</visible>
				</control>				
				<control type="textbox" id="1">
					<posy>70</posy>
					<height>98</height>
					<width>910</width>
					<label>$VAR[global_Plot.Condition]</label>
					<textcolor>Color1</textcolor>
					<font>descriptionbig</font>
					<include>description_OSD</include>
				</control>
			    <control type="group">
				    <align>right</align>
				    <posx>803</posx>
					<posy>3</posy>
				    <control type="image">
					    <width>119</width>
					    <height>42</height>
					    <include>flag_Res</include>	
				    </control>
			    </control>				
			    <control type="group">
				<posx>-49</posx>
				<posy>135</posy>
				<control type="image">
					<include condition="Skin.HasSetting(watched.original)">overlay_UnWatchedOriginal</include>
					<include condition="!Skin.HasSetting(watched.original)">overlay_UnWatched</include>
				</control>
				<control type="image">
						<include>overlay_Resumable</include>
						<visible>Skin.HasSetting(watched.original)</visible>
					</control>
				<visible>Container.Content(episodes) + !Skin.HasSetting(watched.alternative)</visible>	
			    </control>
			 <control type="group">
				    <posx>-81</posx>
				    <posy>104</posy>
				<control type="image">
					<info>ListItem.Overlay</info>
				</control>
				<visible>Container.Content(episodes) + Skin.HasSetting(watched.alternative)</visible>	
			    </control>	
			
			</control>			
		</control>	
	</include>
</includes>	
