<colors>
	<color name="Color0">FFebebeb</color>   <!--- light grey --->
	<color name="Color1">ffffffff</color>   <!--- white ----->
	<color name="Color2">ffa2e038</color>   <!--- green --->
	<color name="Color3">ffcacaca</color>   <!--- grey ---->
	<color name="Color4">FF696a6c</color>   <!--- dark grey ---->
	<color name="Color5">FF000000</color>   <!--- black --->
	<color name="Color7">FFebebeb</color>    <!--- light grey ---->
	
	<color name="Focused">FF111111</color>   <!--- black ---->
	<color name="Disabled">ff9a9a9a</color>   <!--- grey --->
	<color name="Selected">ff6aa6cb</color>    <!--- blue --->
	
	<color name="column1">ffffffff</color>    <!--- white --->
	<color name="column2">ff63822c</color>    <!--- dark green ---->
	<color name="column3">dd25330c</color>    <!--- very dark green ---->
	<color name="column4">ee63822c</color>     <!---- dark green ---->
</colors>
