<colors>
	<color name="Color0">FFebebeb</color>
	<color name="Color1">ffffffff</color>
	<color name="Color2">ffe4ad84</color>
	<color name="Color3">ffcacaca</color>
	<color name="Color4">FF696a6c</color>
	<color name="Color5">FF000000</color>
	<color name="Color7">FFebebeb</color>
	<color name="Color8">ffffffff</color>
	<color name="Color9">ffcacaca</color>
	
	<!-- xperience1080-->
	<color name="ColorOSD1">ffffffff</color>
	<color name="ColorOSD2">ff6aa6cb</color>
	<color name="ColorOSD4">FF000000</color>
	
	<color name="Focused">FF111111</color>
	<color name="Disabled">ff9a9a9a</color>
	<color name="Selected">ff84ade4</color>
	
	<color name="column1">ffffffff</color>
	<color name="column2">ff745843</color>
	<color name="column3">dd382b21</color>
	<color name="column4">ee745843</color>
</colors>
