<colors>
	<color name="Color0">FFebebeb</color>   <!--- light grey --->
	<color name="Color1">ffffffff</color>   <!--- white ----->
	<color name="Color2">ffe15757</color>   <!--- red --->
	<color name="Color3">ffcacaca</color>   <!--- grey ---->
	<color name="Color4">FF696a6c</color>   <!--- dark grey ---->
	<color name="Color5">FF000000</color>   <!--- black --->
	<color name="Color7">FFebebeb</color>    <!--- light grey ---->
	
	<color name="Focused">FF111111</color>   <!--- black ---->
	<color name="Disabled">ff9a9a9a</color>   <!--- grey --->
	<color name="Selected">ff16871e</color>    <!--- green --->
	
	<color name="column1">ffffffff</color>    <!--- white --->
	<color name="column2">ff832d2d</color>    <!--- dark red ---->
	<color name="column3">dd340c0c</color>    <!--- very dark red ---->
	<color name="column4">ee832d2d</color>     <!---- dark red ---->
</colors>
