<colors>
	<color name="Color0">FFebebeb</color>   <!--- light grey --->
	<color name="Color1">ffffffff</color>   <!--- white ----->
	<color name="Color2">ffde9f3e</color>   <!--- orange --->
	<color name="Color3">ffcacaca</color>   <!--- grey ---->
	<color name="Color4">FF696a6c</color>   <!--- dark grey ---->
	<color name="Color5">FF000000</color>   <!--- black --->
	<color name="Color7">FFebebeb</color>    <!--- light grey ---->
	
	<color name="Focused">FF111111</color>   <!--- black ---->
	<color name="Disabled">ff9a9a9a</color>   <!--- grey --->
	<color name="Selected">ffc524a1</color>    <!--- magenta --->
	
	<color name="column1">ffffffff</color>    <!--- white --->
	<color name="column2">ff83622d</color>    <!--- dark orange ---->
	<color name="column3">dd81591e</color>    <!--- very dark orange ---->
	<color name="column4">ee83622d</color>     <!---- dark orange ---->
</colors>
