<?xml version="1.0" encoding="UTF-8" standalone="yes"?>
<addon id="repository.salem"
        name="Salem's repository"
        version="1.0.0"
        provider-name="Salem">
    <extension point="xbmc.addon.repository"
        name="Paul Salem's Add-on Repository">
        <info>https://raw.github.com/paulsalem/repository.salem/master/addon.xml</info>
        <checksum>https://raw.github.com/paulsalem/repository.salem/master/addon.xml.md5</checksum>
        <datadir zip="true">https://github.com/paulsalem/repository.salem</datadir>
    </extension>
    <extension point="xbmc.addon.metadata">
        <summary>Salem's Add-ons for XBMC</summary>
        <description>Host for the reFocus BIG skin.</description>
        <disclaimer>-</disclaimer>
        <platform>all</platform>
    </extension>
</addon>
